N,P,K,temperature,humidity,ph,rainfall,label
38,85,30,19.85,74.91,7.19,117.02,tomato
33,37,45,16.45,79.65,7.14,115.81,rice
60,91,91,28.46,67.25,7.13,298.6,sugarcane
79,57,45,32.08,72.26,7.46,264.37,potato
97,80,69,29.4,60.82,6.34,73.77,cotton
67,71,52,15.93,70.43,6.55,186.81,coffee
63,52,30,23.1,53.05,7.03,89.47,tomato
98,52,59,22.96,67.33,6.38,231.44,onion
59,21,31,27.96,72.23,6.44,117.01,rice
50,33,65,21.25,46.53,5.52,64.37,rice
38,72,54,24.41,53.84,6.1,284.99,coffee
30,38,96,32.8,82.39,6.0,271.12,sunflower
52,54,32,27.06,56.07,7.33,84.95,chilli
82,79,61,21.8,71.14,6.78,129.4,chilli
99,75,84,19.48,46.53,6.59,94.88,tomato
92,43,54,22.05,73.61,7.26,91.81,rice
46,75,73,16.72,53.5,6.37,181.16,coffee
94,27,78,31.88,83.16,7.15,241.14,sugarcane
34,72,76,25.58,54.05,6.38,73.12,rice
73,84,24,16.62,52.02,6.43,204.04,tomato
46,62,92,22.76,53.83,5.59,154.82,chilli
34,21,34,21.51,84.93,7.27,91.16,chilli
60,32,74,15.25,41.68,6.93,156.77,onion
56,23,45,20.26,49.11,6.46,186.26,rice
55,54,80,33.64,88.46,6.94,67.4,chilli
92,91,41,24.44,56.88,6.77,165.24,maize
80,69,23,30.91,78.81,6.35,135.51,onion
34,34,39,34.89,78.13,7.24,257.34,rice
62,41,67,15.03,46.06,6.1,194.21,chilli
69,72,22,31.34,40.67,7.03,125.03,wheat
62,93,74,19.18,79.19,7.39,187.24,cotton
64,48,58,15.71,49.95,5.58,104.12,tomato
24,86,66,19.01,49.39,6.51,194.04,wheat
82,78,94,15.41,66.38,6.55,52.35,groundnut
44,35,30,15.65,56.4,7.03,95.89,sunflower
83,69,89,21.54,74.96,6.05,160.03,onion
45,31,48,22.64,79.12,7.07,143.46,chilli
88,53,58,19.73,62.88,5.92,66.22,tomato
65,20,47,22.74,43.75,6.16,236.7,potato
69,51,92,32.5,88.44,7.18,99.1,maize
62,69,26,18.86,47.09,7.5,109.6,coffee
48,75,69,19.16,76.03,5.58,169.9,chilli
65,66,57,27.21,55.64,7.01,112.67,sugarcane
41,76,71,21.43,47.07,6.62,219.75,maize
50,96,90,30.29,43.41,6.55,116.13,coffee
31,62,52,22.87,67.98,6.87,55.27,potato
61,99,88,26.37,72.55,6.22,125.04,sunflower
71,35,73,17.39,50.92,5.58,276.95,potato
62,66,73,27.8,78.69,6.47,215.78,rice
40,34,30,16.12,67.14,5.5,239.87,sugarcane
48,81,94,19.37,40.14,6.84,97.85,groundnut
28,91,94,34.22,69.54,6.78,138.19,rice
71,87,85,23.96,42.57,6.1,61.18,potato
52,53,97,28.32,81.44,7.11,158.06,wheat
24,80,57,33.74,79.1,6.61,224.43,sugarcane
60,88,57,27.73,58.61,6.99,289.86,sugarcane
64,98,36,17.32,80.32,7.4,81.02,chilli
38,41,36,23.09,73.13,6.15,153.38,potato
76,26,70,24.85,72.63,6.96,238.24,groundnut
23,95,35,15.76,41.65,6.91,107.83,chilli
39,67,40,25.26,52.3,6.08,100.74,onion
36,97,74,34.33,64.12,6.89,259.13,chilli
24,54,82,32.14,76.1,7.13,118.16,maize
71,98,96,23.84,51.56,6.06,59.0,tomato
41,51,94,33.45,62.63,6.11,232.2,cotton
74,56,46,19.52,61.06,7.06,90.08,onion
46,97,73,17.86,77.4,5.68,174.71,coffee
70,100,97,17.87,80.3,5.55,169.73,wheat
78,65,70,31.67,53.55,6.52,227.15,cotton
78,42,28,28.77,88.49,6.44,261.31,chilli
63,42,54,30.51,78.42,6.93,201.54,onion
61,93,28,24.5,51.22,7.37,183.13,onion
20,46,65,25.33,73.92,7.04,269.87,potato
99,42,78,17.6,62.38,7.46,98.73,potato
72,25,81,24.35,75.89,6.53,147.46,groundnut
26,78,44,28.28,43.26,5.99,161.44,sugarcane
92,66,52,30.61,89.9,6.44,71.91,cotton
80,80,88,28.47,74.83,6.87,163.19,tomato
86,64,89,26.04,69.67,6.38,95.43,coffee
87,48,62,18.08,62.93,6.65,274.08,sunflower
70,64,97,23.42,67.88,5.79,276.34,rice
37,99,48,19.81,48.57,5.96,242.1,groundnut
50,30,48,28.57,70.79,5.95,282.67,tomato
48,26,99,15.42,41.37,6.41,96.51,chilli
41,31,80,17.09,62.51,6.88,147.03,wheat
20,54,61,27.12,60.08,6.69,146.37,cotton
97,97,79,30.62,67.04,6.61,187.02,groundnut
76,48,71,16.51,45.37,6.7,171.45,wheat
62,81,75,30.26,88.03,6.83,97.47,maize
88,65,62,33.84,55.34,5.62,73.68,chilli
86,34,100,21.34,66.31,5.97,290.59,cotton
62,44,20,28.52,77.06,7.33,110.86,sugarcane
95,55,81,18.62,83.22,7.03,287.55,chilli
22,81,69,15.34,70.47,6.24,164.07,onion
39,71,55,16.1,80.83,7.01,147.65,groundnut
81,83,35,20.27,86.62,7.38,74.9,sugarcane
70,82,75,28.01,66.21,5.67,58.87,coffee
48,21,100,33.52,86.67,6.03,274.35,sugarcane
52,30,24,27.04,74.99,6.21,199.92,cotton
69,89,96,19.15,79.64,5.95,128.49,sugarcane
46,29,26,33.27,78.2,6.1,57.5,onion
49,21,67,34.97,79.54,5.74,149.81,sugarcane
58,31,37,15.48,43.91,6.26,286.85,onion
91,23,89,32.02,72.55,7.16,153.73,rice
31,90,28,30.03,54.6,7.05,220.54,chilli
44,63,81,15.25,55.98,6.72,128.29,tomato
72,51,29,23.82,45.18,7.35,158.75,groundnut
59,63,96,31.73,45.49,5.59,138.23,groundnut
83,75,43,17.86,66.61,6.9,187.77,chilli
23,96,54,30.44,82.13,6.18,106.04,groundnut
26,67,80,25.06,76.43,5.63,256.21,tomato
79,79,78,21.68,47.21,5.82,141.66,maize
29,61,37,19.26,43.12,6.05,58.94,rice
52,77,97,19.31,66.5,6.56,63.05,onion
45,78,74,23.98,42.76,5.99,213.8,rice
94,33,45,25.06,41.99,5.99,82.82,cotton
37,40,87,16.88,42.98,5.67,131.02,sunflower
68,84,80,31.07,78.25,7.0,61.97,sugarcane
36,55,95,32.89,66.19,6.15,237.21,wheat
29,84,98,30.86,64.05,7.32,220.88,sugarcane
97,47,56,23.28,59.02,7.46,75.95,onion
89,53,77,16.5,73.11,5.51,240.49,cotton
29,71,30,15.86,75.69,6.4,88.01,rice
62,34,52,29.39,59.23,5.93,278.64,coffee
28,79,96,15.93,63.18,6.84,128.21,sunflower
34,22,33,29.44,54.49,5.99,209.93,groundnut
33,85,67,16.98,53.47,6.2,156.62,potato
89,54,53,21.85,88.04,6.38,130.62,sunflower
72,82,79,25.02,66.56,7.5,184.68,potato
68,77,81,33.95,63.96,5.96,190.65,tomato
72,96,100,32.62,87.99,6.54,260.85,wheat
96,89,36,34.93,55.54,6.06,298.45,sunflower
40,55,74,20.6,63.72,6.74,117.62,sunflower
69,62,77,25.49,62.94,6.87,97.66,groundnut
88,75,42,25.75,42.46,5.6,118.44,sugarcane
40,58,24,17.52,41.07,6.03,235.46,wheat
69,87,40,31.85,73.96,6.76,192.18,coffee
33,97,70,17.13,48.2,6.5,282.97,maize
98,88,91,34.34,86.63,7.14,71.41,tomato
91,92,62,22.4,77.08,6.97,181.82,sugarcane
41,67,65,17.78,66.05,6.28,132.38,wheat
80,84,51,26.06,75.87,6.98,188.2,chilli
92,90,89,31.29,44.26,5.78,194.39,groundnut
27,38,83,24.79,74.87,6.97,280.42,chilli
53,21,83,18.91,78.29,6.41,219.96,wheat
93,40,58,19.58,73.44,7.31,245.57,potato
63,57,26,18.43,41.3,6.62,99.34,maize
71,48,84,21.04,61.67,7.47,63.42,chilli
70,28,23,21.84,76.04,5.9,257.82,coffee
90,89,88,32.62,44.85,5.95,202.75,maize
67,77,28,32.26,69.95,5.52,278.0,sugarcane
73,33,37,31.95,80.7,7.46,278.95,rice
43,54,23,32.99,60.63,6.21,197.41,onion
98,53,73,32.35,71.83,5.68,170.47,potato
45,24,49,32.72,81.86,6.07,252.17,rice
59,82,20,15.63,83.08,5.87,173.57,wheat
48,23,45,21.71,77.33,6.79,206.6,potato
86,64,45,35.0,64.89,5.71,56.36,onion
25,92,59,27.74,88.84,6.58,52.04,tomato
91,96,56,22.17,43.54,6.57,253.11,sunflower
22,84,47,25.37,81.48,6.7,260.39,rice
70,26,56,28.9,62.58,6.96,163.4,sunflower
81,35,69,25.21,80.33,7.21,91.2,wheat
75,48,49,21.87,41.33,6.96,255.1,groundnut
64,27,58,21.39,49.71,7.48,164.24,potato
53,87,63,16.81,74.36,6.02,246.05,sugarcane
89,75,37,33.51,48.57,5.64,78.77,onion
39,92,97,21.77,71.96,6.07,159.76,tomato
44,82,88,22.12,48.25,6.52,260.87,potato
39,20,52,30.96,49.93,6.17,61.27,groundnut
55,61,47,26.46,57.66,6.94,218.97,cotton
52,63,29,28.24,42.8,6.78,172.07,maize
67,87,25,23.12,64.61,6.56,172.04,maize
66,96,56,27.48,46.72,7.09,257.62,groundnut
87,55,54,20.84,58.08,6.81,177.21,potato
55,51,89,31.35,43.84,6.38,159.21,coffee
57,80,60,15.14,70.33,6.91,256.81,rice
46,83,31,31.9,73.2,7.37,232.55,rice
53,76,86,21.26,78.59,6.86,203.17,rice
39,45,39,25.0,87.33,6.85,236.71,groundnut
34,71,25,29.72,64.66,6.25,279.38,tomato
91,71,54,17.96,70.26,7.2,100.44,tomato
63,81,39,27.74,48.89,5.81,267.08,sugarcane
41,32,58,33.38,71.59,6.64,249.69,tomato
78,79,25,31.02,45.46,7.01,141.09,chilli
24,64,60,24.8,40.33,6.79,240.24,cotton
50,41,97,17.63,48.06,7.14,54.14,chilli
24,54,68,23.26,82.7,7.4,213.25,wheat
24,64,93,25.65,78.53,5.65,109.56,sugarcane
35,84,40,33.04,42.34,7.32,196.26,cotton
55,45,75,22.76,59.52,7.32,204.11,sugarcane
28,76,20,29.97,80.37,7.41,279.03,onion
54,79,60,29.73,55.49,6.48,106.88,cotton
78,40,61,27.33,79.16,5.93,132.4,potato
80,50,82,31.85,43.81,7.47,95.2,wheat
80,58,70,27.19,78.85,7.11,198.89,sugarcane
68,70,28,28.56,66.68,5.92,95.75,tomato
93,55,39,29.09,74.14,6.26,202.06,tomato
37,75,87,28.38,52.75,6.44,81.58,cotton
66,94,56,31.44,73.54,5.94,99.16,coffee
54,74,76,27.25,49.96,6.45,258.15,cotton
76,74,26,15.5,74.61,6.26,103.89,chilli
80,57,24,21.72,72.88,7.38,64.62,onion
67,20,37,15.07,48.69,7.08,97.54,maize
41,66,20,15.86,88.58,6.6,58.8,groundnut
92,76,30,20.39,68.71,5.9,115.92,tomato
43,51,28,23.3,52.72,6.29,236.76,rice
27,26,28,20.27,44.03,7.34,74.13,groundnut
81,66,38,23.39,79.57,6.68,235.54,chilli
26,63,23,26.99,58.25,7.16,299.53,rice
73,47,90,34.82,42.86,6.26,244.78,potato
50,59,96,24.36,88.98,7.37,265.67,sunflower
54,100,67,22.58,74.53,6.9,272.62,maize
39,84,47,28.23,72.85,7.01,172.64,wheat
49,23,81,33.16,86.8,7.25,52.38,tomato
88,93,42,23.99,72.39,5.63,209.5,groundnut
94,65,49,22.0,47.15,5.8,106.53,sunflower
42,80,21,33.53,53.25,5.93,234.5,groundnut
21,52,76,18.95,55.53,6.16,77.23,coffee
80,50,93,19.0,44.64,6.08,241.67,rice
37,35,81,29.72,48.61,5.83,262.79,sugarcane
48,74,62,20.15,71.73,5.76,133.68,chilli
23,69,88,15.7,83.44,6.2,294.62,onion
97,70,64,25.35,78.97,5.72,194.31,maize
39,60,25,31.1,85.39,6.16,185.64,potato
31,62,38,27.74,60.96,6.21,55.81,sunflower
31,81,82,16.99,70.21,6.73,98.71,maize
26,86,72,25.17,47.74,7.26,55.49,tomato
37,57,41,34.7,54.74,5.77,95.31,groundnut
86,85,54,33.87,75.01,6.18,247.69,groundnut
44,70,71,28.99,61.02,5.69,263.67,sugarcane
22,94,87,20.75,67.03,6.27,77.26,tomato
70,82,54,16.1,42.87,7.09,205.88,sugarcane
54,96,49,34.15,59.55,7.41,145.03,onion
73,25,30,27.73,57.92,5.66,76.64,chilli
21,59,65,29.66,45.12,6.42,163.42,maize
97,44,73,20.68,79.02,6.68,266.05,sugarcane
71,65,23,15.21,80.99,7.13,113.37,sunflower
64,67,76,19.57,46.38,6.75,181.93,potato
25,72,91,34.57,76.76,5.61,182.19,groundnut
88,75,41,24.75,75.07,5.63,127.14,sugarcane
30,60,91,26.82,56.57,6.38,249.67,maize
75,100,65,29.89,60.18,5.86,247.02,onion
71,51,39,16.39,69.76,5.64,232.09,rice
75,35,37,18.03,81.24,6.96,248.67,sugarcane
94,91,88,17.25,84.79,6.05,221.19,chilli
57,40,91,33.19,88.36,6.56,249.94,tomato
74,58,70,21.0,51.87,6.69,242.95,sugarcane
69,100,80,33.44,86.44,6.44,155.86,wheat
87,49,29,26.26,68.13,6.36,280.6,groundnut
81,83,43,27.13,73.87,7.06,278.42,coffee
83,55,27,18.1,86.94,6.34,56.97,maize
20,72,93,27.47,72.17,7.46,284.44,sugarcane
66,71,45,16.79,78.27,6.4,266.26,groundnut
26,39,63,24.44,74.78,6.03,61.62,onion
79,82,22,17.73,80.65,6.69,194.99,rice
100,76,76,15.64,76.56,7.21,134.88,potato
67,54,25,27.51,55.5,5.52,190.39,wheat
40,26,84,19.03,61.69,7.19,165.3,potato
62,51,22,31.55,55.56,6.85,177.41,sunflower
68,59,79,30.42,84.01,5.72,81.56,tomato
23,55,62,15.99,51.33,6.28,95.71,potato
76,95,52,31.35,52.5,7.07,87.27,maize
97,61,99,27.39,40.28,7.14,220.17,wheat
22,89,45,25.87,82.1,6.86,266.37,maize
95,87,50,16.07,48.48,6.11,233.2,sugarcane
75,49,46,26.17,70.33,5.89,250.08,wheat
25,37,53,30.83,58.99,6.75,110.2,rice
25,69,67,32.07,49.83,7.45,275.78,wheat
98,60,100,33.69,78.58,5.65,117.8,wheat
68,37,93,24.03,50.1,7.13,79.22,sugarcane
86,50,95,34.2,47.86,5.54,177.19,rice
64,75,55,31.86,55.98,6.94,275.72,coffee
57,46,87,16.53,58.79,6.85,112.4,groundnut
38,57,79,22.19,44.07,6.43,215.99,rice
50,55,96,18.34,89.27,5.62,159.65,sunflower
99,49,25,15.32,69.65,6.5,129.78,tomato
100,46,45,19.07,66.39,5.91,233.94,wheat
87,58,42,28.02,56.14,6.92,113.13,potato
88,39,65,34.81,51.43,5.97,190.25,coffee
24,47,95,27.11,88.6,6.26,105.79,coffee
53,48,57,30.8,74.52,5.78,210.25,tomato
50,100,48,23.1,61.75,6.07,292.87,chilli
98,51,99,23.26,84.25,5.65,136.77,wheat
46,56,46,15.18,45.3,7.42,90.5,sugarcane
37,87,48,34.7,50.39,5.64,201.96,cotton
24,40,24,33.71,49.87,5.87,206.01,sunflower
52,54,85,18.59,44.31,5.67,106.3,sunflower
74,80,58,33.17,46.89,5.89,94.64,coffee
29,59,82,33.22,64.89,5.67,64.84,coffee
25,65,21,24.0,48.76,6.44,134.35,chilli
73,75,20,23.03,48.69,5.56,200.86,groundnut
90,80,57,30.77,65.29,7.33,97.91,potato
82,89,58,27.49,84.4,7.02,106.03,tomato
93,22,28,29.35,41.52,6.54,107.25,rice
41,22,29,20.9,71.82,5.58,237.38,maize
68,48,71,17.19,77.75,5.83,162.77,chilli
70,36,29,30.74,76.61,5.61,65.12,cotton
31,78,31,18.94,79.59,7.17,209.2,rice
40,22,95,17.0,67.08,7.11,276.28,rice
26,78,63,25.81,69.06,6.9,74.61,rice
49,34,48,34.74,56.81,6.74,122.95,groundnut
100,38,96,33.89,80.48,6.61,159.26,cotton
78,27,60,31.5,50.34,6.44,274.17,sunflower
75,50,56,34.57,50.23,7.0,118.81,chilli
70,44,35,34.15,50.47,7.46,208.37,sunflower
99,37,99,23.27,48.64,6.39,91.2,onion
55,27,100,26.97,59.2,5.65,221.1,coffee
48,42,91,29.93,59.42,5.75,287.47,onion
90,26,21,30.3,48.26,7.36,57.62,cotton
51,71,97,26.31,81.1,6.26,266.74,groundnut
33,58,48,33.8,84.85,5.87,259.08,onion
99,62,95,20.48,74.68,6.71,220.24,sunflower
29,80,97,32.34,87.02,6.89,138.47,chilli
77,28,92,17.61,71.19,5.88,255.56,tomato
85,26,74,18.21,41.0,7.01,83.22,wheat
85,61,64,16.72,76.14,5.98,152.06,sunflower
38,75,23,25.53,87.38,5.73,161.42,cotton
58,22,29,34.71,57.97,6.94,143.34,potato
24,82,30,34.56,68.74,6.16,249.02,tomato
49,25,28,19.69,83.91,7.29,115.62,sunflower
81,27,78,23.7,80.16,6.64,211.1,chilli
62,64,47,15.29,47.75,7.16,211.23,potato
77,64,92,26.95,71.56,5.76,140.09,coffee
63,63,23,29.29,40.6,6.15,207.21,groundnut
51,52,96,22.54,45.11,7.14,79.24,wheat
47,69,41,21.71,76.11,5.58,77.52,wheat
94,90,66,20.22,51.66,6.16,255.36,maize
70,68,52,17.32,74.43,6.27,284.16,sugarcane
37,95,79,19.5,46.58,7.49,55.48,chilli
77,31,26,27.15,40.26,6.21,236.15,groundnut
58,35,57,28.29,46.47,5.73,119.35,tomato
64,69,46,16.53,74.41,5.59,265.79,tomato
32,92,30,31.79,52.53,6.88,69.88,tomato
69,52,97,22.22,45.09,6.25,171.0,sugarcane
79,56,41,24.03,74.18,6.69,106.01,coffee
49,56,98,29.97,69.09,6.76,101.43,sugarcane
34,20,75,34.95,50.14,6.7,245.74,groundnut
67,89,27,30.05,88.54,5.99,62.74,coffee
74,26,54,30.79,43.28,6.86,233.37,potato
55,50,44,27.25,52.55,6.3,60.09,sugarcane
60,46,57,16.15,50.69,6.53,174.07,groundnut
98,62,27,19.47,55.93,7.31,268.57,rice
36,72,79,15.94,58.96,7.35,285.0,groundnut
98,52,49,25.79,82.69,6.34,141.48,wheat
48,21,43,33.1,58.89,6.23,75.66,maize
22,69,81,27.84,81.84,5.79,213.49,cotton
49,25,100,19.08,54.88,6.39,168.49,tomato
77,99,72,18.59,54.86,7.21,158.01,wheat
84,95,39,23.97,41.92,5.64,86.21,wheat
93,73,85,15.78,46.85,6.22,267.53,onion
39,25,22,26.6,81.26,5.85,70.01,coffee
51,58,36,28.69,70.24,7.04,197.1,tomato
28,99,64,31.81,73.8,7.43,159.08,tomato
82,39,50,26.41,80.07,5.66,181.59,coffee
67,34,85,16.71,44.77,6.25,297.45,chilli
40,46,28,17.45,66.65,5.64,178.91,potato
29,35,89,20.39,62.17,6.8,225.71,onion
82,99,63,21.73,40.6,5.55,296.01,sunflower
33,57,24,24.5,79.46,6.27,240.28,potato
79,80,68,34.65,49.65,6.69,83.85,sunflower
77,38,41,33.51,60.45,7.21,263.67,maize
21,29,36,17.44,72.39,5.53,285.7,rice
34,92,71,15.6,49.07,5.63,54.72,groundnut
48,24,39,27.38,48.63,6.73,102.22,groundnut
92,64,96,16.88,58.65,6.46,274.49,potato
72,83,44,22.05,54.24,5.54,284.09,tomato
70,51,69,28.13,49.22,5.54,256.8,onion
44,29,44,32.06,41.32,6.28,63.27,groundnut
45,55,79,32.09,75.68,7.11,133.66,wheat
54,38,61,30.57,83.57,6.42,159.9,wheat
68,47,68,21.08,52.42,5.63,55.81,sunflower
79,58,73,17.2,47.85,6.31,259.54,wheat
43,98,92,24.61,70.72,7.28,279.41,chilli
71,29,92,31.41,77.34,7.06,54.9,onion
23,45,97,17.78,79.76,7.1,197.17,maize
83,62,43,30.33,68.95,7.18,208.11,onion
41,85,29,18.92,84.29,6.41,124.46,tomato
83,54,65,18.57,55.81,6.68,299.89,chilli
23,26,91,25.8,60.56,5.61,229.18,chilli
62,96,53,30.71,46.15,6.18,68.47,chilli
59,75,27,24.25,47.57,6.03,89.13,sugarcane
52,55,50,34.57,77.5,6.89,82.84,rice
30,74,29,23.55,57.05,6.42,183.81,tomato
89,89,86,18.0,76.93,6.47,221.42,wheat
69,87,93,26.73,67.6,5.75,216.01,sugarcane
44,61,98,17.75,80.34,7.27,231.05,onion
39,58,57,16.63,78.05,6.15,206.12,chilli
59,59,43,17.61,48.01,6.83,296.32,rice
61,76,53,33.01,69.99,6.27,155.4,coffee
80,23,86,23.6,67.66,6.22,99.17,onion
20,58,72,26.28,71.2,5.52,196.74,cotton
71,51,45,20.91,47.44,6.71,56.66,coffee
89,73,59,24.09,47.84,6.03,286.45,cotton
87,34,35,25.44,41.16,7.21,175.39,onion
94,52,34,30.95,64.5,7.17,68.32,sugarcane
62,62,79,17.07,42.05,5.95,113.96,rice
62,60,99,24.98,89.0,5.66,157.59,sunflower
24,99,30,15.58,69.11,6.09,81.42,rice
89,74,53,27.95,64.33,6.87,68.15,chilli
60,30,36,29.29,87.57,5.73,89.6,potato
69,40,25,28.51,81.57,6.82,202.14,cotton
31,45,83,20.71,66.01,6.77,109.54,wheat
91,36,28,32.76,83.76,6.55,67.47,chilli
40,65,97,15.19,68.2,7.03,177.24,cotton
56,37,74,28.95,79.82,7.34,212.18,potato
81,90,31,32.01,76.09,6.66,50.63,maize
41,95,51,22.57,80.08,7.02,91.04,wheat
63,30,64,30.97,58.51,6.29,199.13,wheat
77,64,96,27.49,74.15,6.06,169.2,onion
87,74,92,21.19,89.41,5.89,88.71,maize
64,30,96,29.66,44.57,7.39,147.44,wheat
25,47,58,15.26,74.33,6.82,185.71,wheat
87,83,64,22.64,49.41,5.61,78.3,chilli
53,34,24,27.56,60.42,6.32,232.86,groundnut
42,43,46,17.72,40.2,5.8,218.54,groundnut
88,84,87,33.14,55.56,5.85,155.31,tomato
41,67,67,18.2,47.5,6.24,127.05,maize
94,42,79,26.11,46.61,6.85,230.16,sugarcane
76,25,52,20.96,65.27,6.37,67.64,cotton
77,66,49,23.35,72.35,6.78,101.54,coffee
95,50,39,27.82,72.91,5.94,161.6,sugarcane
29,46,49,19.23,81.73,6.42,263.12,coffee
58,67,38,28.09,44.19,6.35,156.89,maize
93,31,64,15.51,84.15,6.48,246.84,onion
43,84,98,16.37,60.93,6.23,99.1,cotton
22,21,85,27.2,73.65,6.25,91.97,tomato
55,99,31,29.68,58.22,5.77,154.31,maize
60,41,90,22.48,42.87,5.58,250.52,cotton
61,64,86,17.88,60.42,7.31,86.99,sugarcane
41,82,88,25.3,66.41,6.85,223.04,cotton
64,77,47,26.8,73.11,6.62,277.05,onion
97,37,27,32.95,51.28,5.97,142.03,wheat
26,71,54,29.58,58.49,5.97,242.71,wheat
89,64,94,24.84,89.57,5.68,244.95,rice
54,72,26,28.03,74.29,5.5,68.21,maize
47,77,66,31.77,87.85,7.27,267.15,onion
94,53,99,19.74,63.17,6.63,115.38,sugarcane
83,89,56,31.08,45.59,5.81,122.93,rice
81,64,91,21.31,54.5,6.81,180.67,onion
29,22,41,29.13,69.22,6.31,240.06,cotton
47,65,76,19.69,72.83,6.55,249.48,coffee
59,20,71,31.14,48.62,6.73,151.82,sugarcane
42,75,59,29.85,51.81,5.53,150.16,groundnut
90,78,44,15.99,60.17,6.29,76.42,rice
89,72,33,25.7,77.74,6.47,102.58,cotton
59,23,62,24.67,79.21,6.87,193.56,chilli
40,27,24,18.37,43.48,5.98,134.13,coffee
62,56,55,27.95,87.78,6.09,183.89,potato
29,38,95,26.91,64.13,7.14,176.82,chilli
94,61,97,21.98,64.87,5.8,69.32,rice
43,62,36,22.7,49.63,6.92,175.03,rice
26,33,39,17.62,50.36,7.02,246.74,rice
23,38,98,18.08,48.95,5.84,83.71,tomato
69,43,72,27.55,59.97,6.54,82.23,maize
38,23,93,20.03,42.15,5.64,133.04,onion
76,44,97,31.89,54.39,5.58,158.2,maize
29,38,62,19.69,42.72,7.15,162.13,rice
66,39,46,16.41,81.08,5.87,208.56,potato
56,36,23,30.46,88.53,6.29,163.89,potato
72,94,64,15.09,59.73,6.62,196.11,coffee
87,96,57,29.75,84.45,6.63,225.78,cotton
71,26,20,21.93,61.6,5.61,244.31,tomato
89,39,86,15.18,57.77,6.21,147.45,groundnut
23,58,68,28.26,72.67,7.12,248.33,sugarcane
90,82,29,30.85,59.37,6.82,123.4,groundnut
66,65,50,32.48,55.38,6.14,208.31,sugarcane
43,27,41,34.18,74.2,6.7,81.1,rice
24,32,64,32.3,80.88,5.92,274.45,sugarcane
69,49,99,30.95,57.14,5.79,102.47,maize
87,62,79,19.31,67.74,5.93,259.99,rice
83,49,92,24.34,78.04,5.66,111.18,coffee
58,39,48,30.32,77.84,5.56,81.69,maize
80,46,84,20.3,56.63,6.25,117.44,maize
41,60,64,27.42,53.01,6.77,136.5,rice
29,75,71,18.26,79.44,7.38,249.41,potato
68,39,38,16.54,88.8,6.12,84.52,potato
53,24,32,32.26,52.47,7.38,226.38,tomato
33,95,79,17.79,56.23,7.48,65.08,groundnut
70,66,71,18.07,74.73,7.06,54.85,maize
38,65,74,17.28,51.3,7.44,279.59,maize
32,36,21,31.17,56.54,6.95,196.48,onion
85,83,37,18.36,78.74,5.97,102.98,potato
28,95,74,23.47,82.5,6.32,261.24,cotton
21,21,56,25.75,74.16,5.59,254.89,sunflower
62,41,74,21.18,62.34,7.15,153.24,sugarcane
36,29,43,28.48,50.68,5.85,283.31,tomato
58,38,76,30.63,79.93,7.17,216.84,tomato
42,62,52,32.68,84.63,7.24,208.71,cotton
60,98,91,33.39,62.54,7.21,254.74,potato
92,62,95,23.66,89.48,6.52,72.69,wheat
37,21,79,27.36,58.95,6.11,107.74,coffee
35,77,75,32.51,52.65,6.45,209.75,sunflower
71,65,97,31.74,68.11,6.37,278.12,sunflower
42,40,93,30.98,44.81,5.98,248.96,cotton
47,95,21,18.81,43.19,7.27,97.13,rice
26,72,96,18.64,75.28,6.94,53.35,wheat
82,74,70,23.85,73.19,6.22,232.27,tomato
73,69,80,30.78,45.78,5.9,124.25,tomato
30,29,42,28.3,55.52,6.55,127.91,sugarcane
62,100,38,32.25,71.57,6.86,274.93,sugarcane
26,24,64,22.29,88.73,6.58,237.07,cotton
23,63,96,24.77,46.03,6.46,249.53,wheat
83,42,69,18.01,50.1,6.8,285.28,groundnut
25,87,29,24.47,44.35,6.23,260.24,cotton
66,77,78,15.26,45.72,5.96,197.94,chilli
35,32,95,18.32,40.59,6.61,89.18,chilli
54,48,50,27.08,80.82,6.01,187.48,maize
32,80,60,27.93,69.14,5.91,230.23,cotton
58,80,92,21.93,88.45,6.52,288.38,potato
75,60,87,28.04,88.99,6.06,115.23,tomato
41,52,41,22.79,79.0,6.41,158.55,sunflower
25,39,73,34.84,74.51,7.47,232.52,tomato
27,37,75,33.64,67.5,5.62,261.39,rice
65,80,37,17.84,44.84,6.85,142.66,wheat
76,92,37,33.16,89.26,7.01,256.2,onion
43,83,97,33.7,58.22,6.32,79.42,sunflower
38,83,51,33.16,49.64,6.73,233.16,chilli
58,79,45,27.54,62.42,5.99,93.08,potato
34,26,53,29.66,73.98,5.86,237.74,tomato
95,88,21,29.07,41.84,6.01,59.1,cotton
27,84,68,25.75,87.58,7.5,247.74,wheat
77,40,91,29.12,58.65,6.71,224.81,chilli
73,65,78,32.98,89.24,6.17,279.42,maize
40,45,47,16.17,68.28,6.71,176.92,rice
73,85,80,32.1,77.18,5.58,158.84,chilli
92,50,99,30.87,65.85,6.24,58.39,chilli
97,22,63,19.35,75.49,5.74,262.65,maize
78,81,31,27.55,61.08,6.43,210.55,maize
64,54,25,15.86,78.82,6.76,143.62,cotton
62,31,51,32.63,54.55,7.37,231.9,cotton
57,29,71,28.13,51.75,6.68,148.5,cotton
81,26,88,22.94,67.37,6.81,252.76,sugarcane
31,44,27,34.0,70.23,6.5,103.28,onion
35,54,63,16.36,41.76,5.96,89.24,cotton
22,78,54,20.81,59.24,7.18,102.15,rice
33,84,23,29.36,60.87,5.7,281.96,sugarcane
37,58,61,24.32,44.91,6.03,193.36,coffee
99,24,74,21.14,79.9,6.77,153.05,wheat
64,22,100,16.39,87.17,6.93,247.34,wheat
60,76,35,26.22,52.03,6.25,153.76,groundnut
20,53,67,26.67,43.69,5.57,127.02,chilli
96,83,65,23.41,75.77,7.11,92.04,onion
73,51,36,28.88,87.9,5.51,78.84,maize
70,96,36,18.93,62.37,5.68,116.25,wheat
67,87,91,31.88,59.48,5.56,238.94,cotton
72,89,72,22.01,64.31,5.87,217.79,coffee
45,86,91,31.61,72.31,7.47,109.09,groundnut
60,51,96,16.55,58.53,5.83,266.82,rice
98,43,80,31.2,59.14,6.83,157.39,cotton
91,28,67,25.06,82.07,6.44,159.08,wheat
53,53,51,16.98,70.87,7.31,249.76,groundnut
66,35,95,22.43,76.91,6.38,249.74,rice
49,68,58,20.25,58.76,7.47,80.38,sugarcane
32,65,25,32.24,71.1,7.08,240.33,rice
42,75,97,33.58,48.26,5.54,110.78,chilli
36,91,31,20.56,65.67,5.57,127.67,onion
56,98,37,26.76,80.64,5.96,165.32,coffee
52,92,65,17.15,53.46,5.96,132.45,sugarcane
76,93,64,22.99,87.55,5.92,58.84,coffee
59,94,59,28.94,56.74,7.08,246.81,tomato
82,57,22,21.45,82.82,6.32,224.83,cotton
91,46,49,17.4,56.27,7.34,115.58,sunflower
35,88,32,25.38,68.63,6.7,127.44,cotton
89,85,78,19.66,84.42,7.15,191.41,chilli
52,39,85,19.85,81.67,6.7,243.34,tomato
94,24,22,33.11,87.11,5.89,197.97,coffee
89,50,41,26.17,46.1,6.47,243.37,groundnut
20,22,89,17.29,77.78,7.04,114.79,groundnut
77,68,45,29.45,66.64,6.34,287.78,maize
92,47,53,15.73,50.06,6.94,121.3,potato
54,36,35,27.03,67.88,6.75,253.75,chilli
88,20,73,25.83,77.78,7.13,90.64,sugarcane
28,56,90,23.73,82.35,6.82,66.25,maize
71,90,57,21.32,73.2,7.07,150.54,cotton
71,48,69,33.75,66.37,6.29,97.54,wheat
27,53,81,20.06,70.21,6.83,179.94,potato
66,77,26,24.14,59.0,6.68,205.22,maize
85,55,33,25.55,60.52,7.08,299.92,chilli
47,70,56,17.79,75.24,6.04,144.79,coffee
82,73,48,20.94,43.15,6.78,53.89,cotton
94,23,42,26.06,86.23,7.41,298.17,rice
20,33,86,28.76,51.74,6.6,173.28,cotton
55,55,41,26.06,63.89,7.12,277.93,potato
73,97,76,26.73,41.05,6.51,109.79,onion
39,74,52,26.42,47.17,7.36,189.87,potato
38,65,37,20.91,79.92,6.69,94.58,sunflower
53,100,49,31.23,60.64,5.5,116.92,sunflower
91,35,87,33.15,69.64,5.7,173.24,groundnut
52,25,70,31.54,62.47,5.6,208.6,maize
61,100,32,18.32,54.13,6.46,186.58,onion
63,26,83,17.16,49.46,5.68,236.38,cotton
84,83,99,18.56,56.85,7.27,193.71,coffee
44,49,35,34.02,84.4,5.74,77.15,potato
87,73,95,34.25,69.26,7.33,75.09,sunflower
41,87,49,33.09,63.14,6.37,151.75,rice
81,77,74,19.66,79.19,6.52,91.64,maize
94,53,96,31.73,85.61,6.41,78.34,coffee
70,36,87,16.93,51.42,6.41,202.83,groundnut
20,61,96,24.16,86.68,7.48,179.86,tomato
77,25,43,30.04,71.7,7.04,213.07,chilli
93,59,34,15.66,49.93,6.37,121.72,maize
26,95,80,33.96,65.44,7.5,66.62,maize
55,23,35,29.83,86.88,5.86,114.56,tomato
35,74,48,28.7,77.19,7.1,260.15,groundnut
56,48,52,33.65,48.87,7.4,266.82,wheat
72,43,71,20.47,83.4,5.62,127.47,rice
52,33,48,20.24,78.42,6.88,214.96,cotton
94,83,96,24.0,53.81,6.64,268.42,sunflower
27,24,86,23.67,82.34,6.14,282.4,maize
99,100,49,20.4,79.58,6.74,283.38,rice
23,88,89,27.68,78.08,5.67,105.26,coffee
87,50,78,30.56,77.4,5.75,299.02,cotton
25,86,66,28.29,60.7,7.13,204.8,groundnut
61,48,35,15.24,79.64,5.65,132.81,groundnut
34,77,94,34.37,57.93,7.47,184.16,maize
68,84,40,34.45,80.23,6.16,112.63,rice
49,100,36,26.05,43.23,6.16,133.01,potato
39,30,97,29.17,64.24,7.19,114.03,cotton
74,57,69,30.48,83.67,6.96,223.51,chilli
28,43,61,15.62,83.52,6.1,189.12,tomato
58,27,93,29.03,65.9,5.54,232.01,cotton
49,57,20,24.43,57.61,6.14,244.9,cotton
54,22,50,26.18,40.84,6.91,94.44,tomato
75,97,58,29.96,59.3,6.62,164.1,rice
35,86,87,20.51,62.8,7.22,228.51,sugarcane
63,77,93,29.01,45.62,5.8,122.03,cotton
36,87,53,26.67,75.99,7.49,283.59,groundnut
97,43,71,16.71,62.9,6.28,80.94,maize
100,43,51,18.99,76.23,5.54,78.43,chilli
43,54,100,22.92,75.33,6.24,141.19,cotton
43,72,97,27.61,66.89,6.86,241.89,rice
71,58,30,29.87,86.1,6.06,273.86,groundnut
85,91,23,33.23,60.54,7.01,78.65,onion
24,65,99,23.87,63.23,5.84,270.18,potato
37,25,26,23.18,76.32,5.62,85.43,groundnut
43,23,53,17.47,52.32,6.79,146.49,sugarcane
25,51,82,17.3,70.23,7.46,138.27,wheat
70,38,85,30.11,56.78,7.36,268.89,sugarcane
47,33,99,17.8,69.95,6.78,78.22,rice
26,75,78,25.68,54.4,6.55,249.28,maize
28,59,62,29.48,81.24,7.23,294.04,wheat
54,93,78,29.01,50.99,6.42,100.97,tomato
54,82,62,23.69,85.46,5.92,297.61,rice
40,49,41,28.49,55.75,6.93,55.54,potato
88,73,35,19.73,48.19,6.66,183.08,potato
86,30,46,16.66,78.05,6.64,209.38,wheat
39,78,95,22.93,62.79,5.6,90.8,sugarcane
68,24,39,18.75,74.39,6.88,134.72,maize
100,35,42,29.72,86.9,6.0,100.37,chilli
32,80,79,22.26,56.78,5.97,85.11,tomato
27,68,86,26.86,44.78,5.7,259.83,tomato
65,65,54,34.9,73.88,7.32,217.09,coffee
92,49,71,28.13,44.84,6.56,94.16,potato
26,98,57,25.13,89.69,6.53,236.08,maize
100,99,22,17.07,89.31,5.57,211.23,cotton
35,40,21,34.77,71.52,7.27,119.47,coffee
80,55,81,34.7,65.88,6.05,224.79,onion
88,42,39,23.48,87.24,6.44,110.72,wheat
49,83,38,33.18,53.99,7.21,88.81,coffee
67,93,55,25.88,61.67,5.77,205.07,wheat
99,20,23,32.64,50.81,6.03,283.51,groundnut
60,52,23,26.55,66.12,5.92,298.79,groundnut
78,90,40,29.26,84.47,5.71,98.79,tomato
75,87,37,33.79,77.26,7.01,221.63,rice
28,74,74,20.55,63.18,6.55,79.1,tomato
84,48,71,29.59,46.7,6.07,228.18,rice
39,56,34,34.77,80.65,6.86,287.01,potato
93,29,88,29.81,52.97,6.76,244.53,cotton
83,82,40,30.69,82.31,6.61,226.08,sunflower
40,91,40,16.8,64.42,5.59,156.07,wheat
90,58,62,31.49,75.99,6.19,124.85,maize
62,68,67,15.11,63.79,7.02,241.6,wheat
92,36,81,30.17,58.35,6.87,203.46,wheat
76,59,63,30.31,53.32,6.33,73.06,cotton
62,39,63,28.57,66.17,7.0,179.14,sugarcane
28,27,55,31.28,62.19,6.15,265.8,tomato
35,35,55,31.97,68.17,6.82,180.51,chilli
23,34,39,21.67,70.48,7.01,112.93,wheat
46,31,70,25.45,43.96,5.87,164.29,cotton
59,55,73,34.46,85.21,5.72,240.77,coffee
29,85,80,16.55,68.42,7.33,131.13,groundnut
86,63,47,26.68,57.03,6.7,181.96,sugarcane
80,28,42,15.85,73.99,6.82,117.08,groundnut
47,87,83,33.37,61.05,7.49,162.25,onion
59,49,31,17.98,70.7,6.79,115.32,onion
48,95,87,26.48,60.88,6.71,166.34,chilli
34,76,85,27.67,66.6,7.14,127.37,tomato
53,38,59,18.07,63.69,6.63,91.14,potato
99,23,52,25.66,80.17,6.15,117.6,sugarcane
48,68,96,15.73,69.93,7.12,242.82,sugarcane
80,92,59,23.6,54.38,7.45,164.95,coffee
85,53,96,28.66,82.28,5.62,121.28,sugarcane
67,89,22,29.68,45.33,6.15,52.7,groundnut
54,65,36,25.59,60.07,6.92,65.68,wheat
71,87,53,28.43,83.98,6.14,213.19,groundnut
59,48,39,22.02,60.38,6.57,68.74,coffee
53,79,37,25.14,46.58,5.52,234.69,tomato
80,93,63,31.62,68.65,7.13,153.5,potato
92,76,50,15.86,83.62,7.09,188.58,potato
97,30,88,28.98,89.19,5.95,77.73,tomato
64,64,20,20.26,69.03,6.69,103.74,chilli
75,66,39,30.38,58.0,6.69,182.32,tomato
38,47,98,22.63,59.14,6.17,69.75,coffee
73,34,39,30.58,82.33,6.47,50.18,potato
88,95,40,26.15,58.45,5.86,160.05,potato
62,30,25,25.09,62.38,5.78,188.19,rice
85,95,38,32.05,77.18,6.35,255.45,chilli
74,24,62,23.51,43.2,7.03,200.4,groundnut
42,60,26,33.5,79.56,7.34,157.98,sunflower
62,98,59,25.57,61.26,6.15,162.38,groundnut
22,39,59,19.65,58.71,6.26,115.39,chilli
64,55,66,30.87,84.0,6.89,297.18,tomato
82,80,57,22.77,86.88,7.02,159.84,sunflower
42,88,60,24.43,67.78,7.33,290.86,sugarcane
34,31,35,31.05,41.92,6.23,142.79,maize
64,90,49,33.19,60.7,7.3,92.98,rice
70,34,21,24.13,46.64,5.71,256.04,sunflower
70,25,95,23.61,60.95,6.87,241.17,chilli
81,35,63,16.12,67.54,6.94,99.34,sunflower
71,93,96,16.81,83.94,6.03,269.58,coffee
30,68,44,26.13,59.69,7.4,101.2,groundnut
77,66,71,26.56,50.06,5.71,204.82,tomato
32,44,29,18.72,58.11,6.33,158.58,groundnut
73,44,64,32.38,78.25,7.33,122.49,rice
40,92,79,18.32,66.15,5.76,232.73,coffee
25,85,79,19.05,53.97,6.85,146.66,potato
81,81,56,24.08,84.14,5.9,174.31,wheat
63,84,100,29.73,46.67,5.61,158.77,onion
95,30,28,16.24,81.1,5.59,214.05,chilli
86,52,84,30.93,42.74,5.62,74.23,rice
21,45,77,15.63,68.33,6.37,181.66,maize
77,84,38,29.37,69.05,6.51,58.19,tomato
30,20,87,16.86,80.74,5.58,96.08,chilli
100,24,45,28.93,72.81,5.57,251.47,tomato
58,89,59,31.87,73.54,6.38,105.41,rice
90,98,66,26.56,85.96,6.38,207.77,chilli
71,53,89,22.14,56.27,5.62,200.09,tomato
53,67,52,17.21,44.69,6.39,178.85,onion
20,32,32,18.78,78.73,5.99,281.53,coffee
70,86,40,23.34,84.26,6.42,265.84,groundnut
83,77,95,34.18,52.48,6.53,226.28,groundnut
21,49,27,17.9,47.18,7.44,148.08,wheat
30,72,27,32.31,77.1,6.46,151.27,cotton
80,42,71,15.26,59.67,5.76,261.1,rice
27,100,98,22.09,73.79,5.54,153.03,sugarcane
47,89,84,33.32,55.74,6.39,97.64,wheat
75,28,31,31.29,67.0,6.45,122.73,onion
88,39,87,18.25,89.83,7.39,176.12,wheat
28,82,89,28.06,51.29,6.13,160.57,coffee
21,40,41,20.37,80.87,6.94,242.83,chilli
88,38,64,24.91,69.43,5.84,148.21,wheat
57,48,67,20.97,78.0,5.75,287.15,rice
55,47,67,26.84,60.39,7.46,159.88,sugarcane
70,85,90,16.53,88.59,7.12,209.8,wheat
88,77,22,29.92,56.7,5.7,291.31,coffee
56,60,43,18.15,86.75,6.09,248.26,coffee
24,49,22,23.05,71.47,7.33,242.59,maize
69,63,47,31.24,65.89,7.13,57.24,onion
37,41,64,26.0,50.09,6.5,296.91,tomato
67,52,94,32.78,79.5,6.58,139.8,chilli
45,34,93,34.2,44.04,5.67,210.64,rice
42,60,58,18.83,79.21,7.18,190.44,onion
49,61,42,23.24,66.61,6.49,298.15,maize
94,63,86,27.77,49.74,5.79,255.05,chilli
43,72,21,20.49,46.14,6.75,206.07,onion
58,63,37,23.68,40.73,5.79,214.02,coffee
42,20,85,17.1,57.53,6.88,232.11,cotton
86,23,65,33.57,87.76,7.35,133.92,cotton
78,37,83,25.48,51.73,6.94,97.18,rice
77,22,59,30.1,67.05,7.42,72.93,onion
83,83,78,25.78,79.98,6.4,181.03,wheat
100,30,49,25.25,74.46,5.98,149.78,potato
26,75,85,18.57,57.72,6.24,189.78,cotton
42,80,23,21.98,56.06,7.47,171.76,groundnut
56,100,36,30.69,67.43,7.21,133.01,maize
65,77,78,17.54,70.23,6.68,115.89,sugarcane
98,88,88,20.85,43.57,6.8,257.41,maize
78,59,39,16.11,84.55,6.69,117.02,cotton
60,90,97,21.85,82.57,7.06,125.02,potato
71,78,57,24.01,82.57,6.07,202.26,cotton
81,36,33,33.29,77.93,6.51,181.97,groundnut
73,50,40,31.78,52.36,5.8,234.45,chilli
21,86,76,16.5,83.1,6.53,229.18,tomato
22,22,71,29.46,52.12,6.92,186.78,maize
88,97,35,19.86,47.22,5.65,145.09,cotton
49,95,26,33.18,63.28,6.74,244.75,potato
71,78,96,28.91,41.0,6.31,85.32,tomato
55,39,33,29.86,67.84,5.55,295.13,maize
60,47,82,32.49,78.9,5.93,222.58,coffee
68,44,41,34.02,45.23,7.21,276.8,cotton
44,80,24,18.87,75.05,7.1,207.3,onion
100,43,66,31.47,47.05,6.83,238.5,wheat
58,63,92,31.74,40.19,6.71,163.65,wheat
40,97,93,19.43,87.0,5.83,167.96,cotton
36,63,89,33.54,54.5,6.29,229.87,groundnut
96,95,36,26.02,74.22,6.94,114.2,onion
59,68,99,28.57,52.21,6.92,290.29,rice
27,44,79,18.44,45.85,7.22,59.64,cotton
67,51,38,34.02,80.6,6.22,142.73,rice
24,56,76,27.26,72.19,7.19,259.57,rice
70,88,69,26.2,65.91,6.44,193.61,sunflower
49,48,59,25.51,40.09,6.22,64.09,sugarcane
22,43,77,22.42,58.65,7.44,234.79,wheat
91,21,69,25.52,85.23,6.73,203.03,maize
34,85,96,28.83,68.98,6.27,296.16,sugarcane
60,22,65,21.94,89.44,6.15,182.69,chilli
54,56,84,22.38,85.11,5.53,78.28,cotton
23,27,56,30.64,67.01,6.82,189.91,onion
83,39,41,24.0,40.82,6.66,273.18,onion
28,26,75,15.04,53.96,6.2,148.54,cotton
44,22,38,26.92,55.52,6.89,75.11,potato
28,74,66,29.3,69.3,5.62,204.06,groundnut
98,62,35,34.21,62.06,7.46,287.85,sunflower
79,38,77,21.11,78.79,5.61,52.65,tomato
100,51,99,30.97,55.99,6.95,105.69,maize
86,20,73,34.87,72.31,6.92,72.75,maize
94,87,78,18.24,86.01,7.43,277.11,rice
58,52,34,25.22,59.41,7.21,73.9,wheat
43,58,87,24.71,77.4,6.63,142.14,tomato
59,56,74,31.58,87.69,6.39,213.05,groundnut
52,53,74,34.51,61.91,7.03,168.92,cotton
44,30,73,21.73,55.93,6.86,164.68,coffee
65,95,24,20.35,80.15,5.59,193.61,potato
25,70,20,31.37,57.68,7.19,235.09,rice
81,36,46,32.78,55.61,7.29,234.23,chilli
98,79,31,15.57,64.18,7.21,83.43,potato
21,83,65,17.25,89.88,6.57,182.97,potato
52,77,87,34.11,40.19,6.13,53.73,sugarcane
68,29,76,19.86,57.4,6.18,101.79,sunflower
98,38,29,17.02,50.7,6.9,152.33,chilli
57,53,45,15.39,60.35,7.44,95.86,groundnut
79,46,36,18.14,46.93,6.75,180.91,groundnut
53,81,24,31.34,59.63,6.86,174.84,rice
62,100,36,15.57,62.29,7.33,195.74,groundnut
28,51,88,34.13,70.87,5.52,105.98,onion
51,32,39,27.07,79.83,6.05,297.93,rice
52,20,92,33.81,86.5,6.52,198.78,rice
84,82,22,17.98,46.03,6.76,57.86,sugarcane
89,57,61,23.56,40.17,6.84,101.24,tomato
22,36,76,19.02,80.65,5.97,84.04,sunflower
74,43,32,32.68,41.26,6.39,218.64,cotton
27,77,84,16.31,88.12,5.67,148.5,groundnut
64,84,57,24.22,40.01,7.39,228.15,chilli
64,66,84,24.73,78.14,6.45,288.45,wheat
57,22,46,34.8,70.8,5.9,230.87,onion
80,37,58,30.38,65.01,6.78,96.76,wheat
73,78,65,25.85,50.28,7.4,127.42,chilli
92,86,66,34.59,86.56,5.93,244.59,rice
99,23,34,17.96,87.14,6.35,201.09,cotton
77,82,74,30.62,80.5,5.71,268.79,groundnut
61,27,33,31.98,45.05,6.62,55.42,sunflower
45,87,97,18.83,44.85,6.03,158.21,sunflower
71,29,65,25.02,74.53,7.06,285.36,onion
95,89,38,18.36,85.42,5.56,150.53,sunflower
38,27,100,31.35,58.01,5.99,147.54,coffee
41,51,22,26.2,65.23,5.55,239.16,potato
86,24,43,15.61,42.52,7.38,271.27,potato
20,37,76,31.94,55.64,7.12,93.52,rice
41,41,62,22.04,55.59,5.89,160.8,rice
66,98,54,23.4,41.5,7.18,149.68,chilli
98,93,60,28.08,61.93,6.39,275.95,maize
68,32,28,25.58,87.01,5.96,292.15,rice
73,29,64,27.52,51.97,7.4,270.87,tomato
72,48,50,31.0,52.19,6.41,234.75,coffee
20,81,93,32.38,80.18,6.62,260.6,onion
90,52,62,19.45,78.08,7.14,292.63,coffee
24,92,75,16.45,63.97,6.64,166.85,rice
77,29,28,25.87,88.15,6.21,159.51,cotton
48,23,64,18.3,74.03,6.29,263.62,onion
63,59,74,21.91,55.05,6.05,266.77,sunflower
91,26,88,31.08,67.91,6.51,242.06,wheat
25,60,36,16.28,58.69,6.66,171.9,maize
24,28,88,21.56,74.19,6.29,288.59,groundnut
34,68,98,26.27,64.22,6.46,232.46,chilli
55,41,29,24.64,67.22,6.25,84.49,rice
21,86,35,31.94,59.62,6.38,272.51,wheat
89,36,97,31.43,85.73,6.77,188.08,sunflower
41,51,56,29.01,52.17,7.44,95.74,sunflower
31,24,48,16.27,43.12,6.31,290.5,sunflower
68,63,50,18.98,62.24,6.67,75.07,tomato
27,70,51,25.06,49.77,6.37,197.2,cotton
55,90,32,34.74,53.28,6.08,271.23,sugarcane
77,46,50,16.57,52.45,5.97,205.38,onion
61,86,68,23.92,40.25,6.3,166.22,tomato
34,51,52,16.29,46.77,6.4,102.37,wheat
70,42,60,30.81,46.41,5.97,115.92,coffee
68,59,20,25.62,85.39,5.98,141.68,chilli
52,39,83,15.92,71.67,5.7,245.05,sugarcane
24,64,74,15.43,86.53,7.27,210.03,sugarcane
61,62,64,22.21,80.35,7.25,52.9,cotton
68,76,38,17.3,57.27,5.89,237.43,tomato
87,60,93,33.86,81.5,7.29,232.28,tomato
80,69,48,25.67,82.49,6.73,269.7,rice
100,51,29,15.64,76.88,6.84,94.09,sugarcane
81,28,39,33.95,67.43,6.2,183.58,cotton
26,69,69,17.76,50.17,6.9,264.51,groundnut
83,86,36,26.24,85.35,6.74,200.98,wheat
46,75,60,21.76,70.67,7.26,279.06,sugarcane
92,89,87,17.67,71.28,6.59,113.92,chilli
95,30,41,19.41,83.65,6.1,189.06,coffee
86,46,50,27.81,67.74,6.96,54.6,rice
56,47,47,20.81,55.3,7.01,130.85,wheat
77,30,90,23.69,47.25,7.3,111.12,wheat
94,81,68,27.67,61.93,6.9,71.85,sunflower
43,21,37,21.4,43.61,5.68,251.99,chilli
41,86,76,30.82,60.78,6.59,161.72,chilli
27,39,83,30.94,85.44,6.17,229.68,coffee
38,80,69,30.83,61.05,6.83,263.57,groundnut
87,22,69,21.05,54.58,6.89,298.22,maize
82,59,31,27.05,61.07,6.02,283.74,sugarcane
95,91,78,19.65,45.03,5.94,78.0,cotton
55,95,98,23.94,57.73,6.23,67.19,sunflower
33,59,92,27.02,43.92,6.2,174.29,cotton
84,31,43,31.25,66.42,7.3,116.82,coffee
93,34,53,25.3,76.81,7.02,239.99,groundnut
27,96,52,34.87,66.21,6.13,200.13,wheat
33,24,68,25.75,79.09,6.56,51.47,chilli
82,79,37,16.21,83.23,6.74,107.33,sugarcane
57,27,39,31.83,70.43,6.24,226.49,chilli
62,42,49,15.45,50.1,6.09,75.31,maize
62,95,60,17.59,40.8,6.16,162.9,cotton
37,42,52,18.33,87.99,6.26,161.31,tomato
83,78,59,20.47,59.36,7.48,249.64,groundnut
32,35,54,30.73,70.73,6.01,169.9,onion
60,55,50,18.09,51.01,6.38,209.9,onion
58,70,80,28.56,61.26,5.64,92.21,groundnut
69,37,94,18.04,87.21,6.63,128.64,sunflower
20,73,93,17.77,69.32,7.09,141.64,groundnut
46,26,82,24.89,45.44,7.0,119.67,chilli
49,59,36,15.17,87.24,7.45,283.45,coffee
94,44,29,30.59,50.67,6.9,242.66,tomato
54,52,78,19.75,89.96,6.15,78.84,maize
84,26,63,28.83,43.2,5.53,166.74,onion
66,69,54,34.46,41.64,6.73,97.95,rice
95,92,85,34.95,66.34,6.75,188.15,cotton
66,70,96,30.88,83.94,7.31,254.11,maize
62,84,32,21.34,61.11,6.77,167.46,chilli
70,37,31,15.29,53.85,5.53,91.27,rice
57,57,100,20.36,77.35,7.37,246.51,coffee
37,42,69,27.09,72.29,6.88,234.12,maize
35,35,74,30.43,65.79,6.0,53.94,sugarcane
95,69,75,16.06,46.54,6.26,208.46,wheat
64,97,43,32.91,84.89,6.2,63.48,chilli
38,79,42,21.95,88.34,6.44,203.46,sugarcane
85,80,98,31.39,71.39,6.02,274.43,groundnut
81,59,54,21.8,85.35,5.62,116.28,sunflower
45,98,83,28.01,77.28,7.35,86.23,groundnut
41,32,97,24.86,55.08,5.59,185.54,sunflower
40,72,55,24.36,59.32,6.06,257.24,sugarcane
29,76,100,27.72,69.74,6.73,185.54,groundnut
44,55,28,20.06,69.32,7.45,160.79,rice
29,53,56,15.45,62.94,6.19,246.06,onion
63,40,37,17.32,51.57,7.06,62.11,coffee
79,74,66,15.11,65.05,5.6,242.31,sugarcane
86,98,84,20.53,85.11,7.02,131.3,onion
82,92,99,20.0,50.86,6.82,252.84,cotton
41,59,77,21.64,62.79,5.7,196.68,groundnut
75,35,61,31.65,77.6,5.65,218.57,potato
83,60,23,27.94,63.64,7.13,205.63,maize
25,23,78,21.94,84.8,5.6,196.54,chilli
85,72,82,30.2,46.96,6.21,244.59,maize
73,47,32,25.28,49.52,5.54,75.42,tomato
52,53,34,23.87,87.08,7.48,260.55,chilli
34,33,97,28.77,86.88,7.45,162.81,coffee
76,46,99,17.11,45.41,5.5,255.31,tomato
54,40,23,15.3,67.32,7.4,225.09,groundnut
50,51,72,26.69,81.64,6.27,87.72,maize
41,55,82,25.09,68.54,6.68,137.29,onion
59,65,75,25.73,79.47,6.06,59.28,tomato
36,46,77,17.76,81.27,7.25,100.73,tomato
94,39,65,18.96,56.32,6.23,181.71,cotton
98,29,56,31.67,68.05,7.03,175.56,sunflower
62,89,24,20.09,87.76,6.17,97.73,chilli
57,38,55,22.93,72.02,6.53,98.11,sugarcane
80,60,97,30.27,43.51,7.49,266.86,onion
60,23,39,34.69,66.69,5.79,208.04,coffee
69,20,71,34.3,45.06,6.55,116.24,groundnut
92,77,53,23.74,67.01,6.17,187.86,groundnut
56,67,72,31.01,58.66,6.05,149.94,tomato
74,69,42,17.59,61.67,6.4,246.38,onion
53,67,38,28.29,73.5,5.93,177.29,groundnut
86,28,78,23.26,64.95,6.49,200.46,onion
72,27,95,24.75,89.82,5.54,94.62,rice
67,25,67,27.93,51.71,6.01,240.59,tomato
43,93,55,22.71,46.4,5.65,130.98,rice
23,78,43,27.91,70.82,5.8,223.68,chilli
63,37,21,17.58,51.57,7.43,87.7,wheat
95,65,99,30.89,70.51,7.5,86.28,coffee
61,50,91,24.12,47.23,6.38,178.43,chilli
23,78,56,26.94,52.48,7.11,70.07,maize
43,78,79,15.57,65.8,5.86,58.49,groundnut
63,92,57,30.69,67.62,7.42,166.91,cotton
95,91,71,32.81,63.66,5.98,130.64,rice
22,82,34,19.36,63.02,5.74,155.51,rice
24,33,55,28.18,54.22,7.28,286.5,groundnut
35,70,62,33.74,56.71,7.47,278.8,rice
56,47,77,28.27,86.41,7.39,141.0,onion
28,78,91,21.9,42.24,5.67,67.5,coffee
29,79,58,26.1,49.31,6.65,56.7,cotton
92,82,80,32.06,52.0,5.73,258.85,rice
35,20,83,28.59,87.67,6.21,293.78,sugarcane
52,28,36,16.97,61.34,7.05,150.23,chilli
72,76,21,22.05,78.27,6.13,118.14,sugarcane
66,47,94,16.33,52.75,5.97,122.48,groundnut
29,34,43,33.8,85.92,6.25,215.86,coffee
70,25,39,31.71,50.26,5.94,299.48,tomato
55,42,51,27.57,86.39,6.12,261.58,coffee
95,45,36,15.42,82.54,7.41,213.75,wheat
85,77,86,22.1,57.61,6.67,184.48,sugarcane
27,27,34,22.8,58.98,7.21,151.54,tomato
93,41,20,25.64,42.44,7.25,56.7,coffee
63,53,94,30.8,61.23,6.89,107.07,coffee
38,76,88,26.56,80.49,6.3,282.88,tomato
80,65,38,33.65,51.57,6.22,137.55,cotton
86,33,48,15.89,42.13,7.48,55.57,tomato
21,82,29,17.72,89.46,6.06,140.94,potato
87,23,76,33.25,45.33,7.41,161.63,tomato
92,23,83,22.7,82.1,5.61,185.0,tomato
89,92,26,27.87,54.16,5.88,205.78,coffee
35,63,21,26.18,82.63,7.15,117.28,cotton
90,26,58,18.29,82.35,6.68,130.56,coffee
35,90,73,29.0,63.34,5.8,131.56,coffee
23,31,48,32.07,77.38,5.84,245.96,cotton
41,83,64,32.99,43.55,7.07,104.06,potato
36,75,45,16.49,62.54,5.54,130.44,potato
68,42,40,18.04,40.9,6.53,212.05,potato
88,51,25,20.9,68.46,7.26,210.6,sunflower
89,65,53,26.84,83.05,6.43,228.01,coffee
86,62,88,21.32,77.55,5.66,113.63,tomato
61,25,60,17.78,68.78,6.44,210.04,potato
96,56,31,23.59,42.89,6.52,279.18,sugarcane
41,60,94,26.36,78.94,6.64,286.67,chilli
39,60,27,33.47,78.48,5.93,186.9,tomato
99,98,32,19.66,82.89,6.42,75.69,chilli
52,29,99,22.67,42.49,7.34,199.09,tomato
90,22,95,16.38,50.11,7.37,50.8,rice
30,81,95,34.05,75.67,7.48,132.52,wheat
68,79,58,25.14,46.76,6.74,219.66,rice
67,35,22,16.46,58.96,7.26,289.02,wheat
26,72,58,28.61,51.97,6.06,251.46,sugarcane
31,64,91,25.45,56.06,7.45,273.81,sugarcane
82,35,82,17.02,63.28,5.7,119.5,onion
87,74,27,30.32,79.5,5.66,124.56,potato
88,73,80,24.99,85.18,5.86,242.51,maize
52,64,94,18.86,87.87,5.91,109.55,sunflower
52,55,72,26.71,67.58,7.04,295.71,rice
60,28,58,24.11,85.34,5.54,128.91,rice
84,42,40,31.62,81.18,6.73,189.54,rice
57,32,32,17.66,56.81,7.05,183.03,cotton
42,38,94,27.71,84.79,6.71,298.53,tomato
34,46,90,30.37,65.03,6.23,84.06,sugarcane
96,35,31,20.53,69.49,6.49,177.33,groundnut
69,64,62,28.84,76.32,5.92,230.63,maize
39,41,46,27.71,86.71,5.95,253.41,groundnut
71,38,29,15.27,51.51,5.93,98.68,maize
39,78,97,22.39,58.0,7.16,152.43,groundnut
93,50,80,29.25,52.96,6.11,66.52,tomato
75,42,66,16.36,61.16,5.93,127.14,wheat
74,80,56,17.78,48.97,5.66,110.31,onion
29,26,76,29.5,43.81,7.39,181.88,cotton
77,37,44,22.32,57.68,5.98,99.57,rice
93,85,59,26.06,44.81,5.98,214.92,chilli
41,75,29,17.83,63.84,6.04,144.2,sugarcane
68,35,85,30.49,59.73,6.96,235.21,wheat
83,75,100,27.21,59.13,6.81,102.54,potato
30,41,23,18.16,49.2,6.36,274.48,coffee
97,81,29,22.01,57.35,7.15,51.56,maize
42,54,57,26.08,88.99,6.37,103.97,cotton
93,99,67,30.71,79.82,5.65,267.35,sugarcane
63,67,98,29.78,40.16,6.11,232.97,groundnut
45,22,33,27.57,44.9,5.55,271.48,tomato
86,51,97,24.82,65.8,6.44,206.93,maize
75,98,30,32.89,75.66,7.29,55.21,chilli
66,41,29,21.65,44.36,6.75,251.97,potato
40,72,53,32.51,48.03,6.21,67.1,wheat
35,68,40,16.27,52.89,7.16,183.12,cotton
85,20,81,26.08,67.15,6.03,276.96,sunflower
81,43,61,20.15,60.79,7.43,76.54,coffee
40,45,87,15.96,58.16,5.92,112.4,sugarcane
39,39,33,16.1,82.74,5.74,272.32,wheat
50,36,99,31.81,88.17,6.3,194.23,coffee
26,43,97,17.36,83.69,6.22,266.23,tomato
52,29,64,21.38,79.03,5.68,51.51,groundnut
90,35,76,29.51,84.74,7.37,145.36,sugarcane
79,100,28,19.57,81.25,6.87,119.94,potato
22,87,39,22.52,86.77,7.09,297.44,tomato
72,42,26,31.75,49.96,6.75,97.14,potato
73,71,90,34.77,66.2,7.43,186.85,wheat
66,74,41,23.12,89.25,5.51,250.77,sugarcane
37,34,94,23.74,64.86,7.04,119.45,potato
25,66,55,30.07,50.93,6.49,172.74,groundnut
50,95,34,25.33,85.73,5.78,52.87,cotton
25,37,55,21.9,48.48,6.72,148.9,tomato
43,88,65,22.33,57.68,7.13,172.09,groundnut
66,50,92,31.7,50.39,7.27,96.29,sunflower
69,68,43,32.46,57.44,5.71,262.44,groundnut
96,55,60,29.38,69.03,6.58,177.97,maize
64,72,45,26.32,84.77,6.45,248.89,sugarcane
59,74,84,23.12,67.31,5.51,137.94,onion
97,45,74,34.83,82.09,5.53,72.37,coffee
34,22,29,15.93,61.75,5.55,122.08,cotton
20,49,98,23.4,75.04,5.67,268.2,cotton
68,97,44,34.53,40.44,7.34,157.6,onion
62,53,44,20.79,85.49,6.76,294.32,cotton
59,71,62,18.09,50.8,6.37,255.77,potato
41,63,68,24.34,47.54,6.9,81.19,wheat
86,49,60,28.34,74.22,7.45,275.65,maize
30,33,65,33.67,66.57,6.22,76.43,rice
64,90,48,24.72,48.01,6.05,207.81,chilli
45,65,46,17.76,68.34,6.43,254.94,groundnut
34,41,57,23.94,43.79,6.28,149.69,sunflower
73,71,31,18.52,79.48,6.91,230.49,tomato
29,64,47,23.98,70.58,5.55,209.08,chilli
68,76,34,33.64,80.27,5.78,114.25,wheat
54,59,93,25.27,75.21,5.76,236.6,sugarcane
61,81,37,27.01,61.63,6.71,116.07,cotton
99,80,47,19.97,63.42,7.42,249.53,chilli
54,31,59,18.94,58.34,6.45,234.38,potato
24,60,70,26.14,65.3,7.35,149.19,onion
55,25,53,16.08,41.05,6.85,216.55,wheat
52,30,90,25.39,71.66,5.92,252.08,tomato
26,62,64,31.2,55.71,7.35,269.27,chilli
93,93,24,26.67,74.85,7.23,133.56,chilli
62,49,76,30.38,51.74,6.35,146.31,sugarcane
94,69,83,24.23,55.65,6.15,285.36,cotton
39,75,97,28.4,46.9,6.05,128.75,onion
45,77,61,29.06,54.89,6.2,79.69,wheat
86,81,72,27.59,46.78,6.09,87.0,onion
33,94,20,21.93,63.45,5.82,206.63,wheat
44,30,63,17.96,73.89,5.94,69.48,wheat
31,86,39,20.36,46.03,6.21,87.8,tomato
70,76,89,25.82,64.61,6.05,263.44,chilli
42,45,51,28.79,68.04,5.87,67.24,wheat
52,41,47,19.35,87.36,6.83,101.84,chilli
91,58,54,20.79,41.51,7.4,72.05,sunflower
52,90,42,15.55,52.34,7.47,264.13,cotton
86,38,97,27.48,61.05,5.52,106.76,onion
34,23,23,30.41,89.82,7.25,263.72,coffee
51,59,83,28.35,47.74,5.56,264.36,tomato
93,92,82,33.64,52.14,5.54,133.87,sunflower
44,97,50,33.6,68.16,7.38,125.29,groundnut
27,67,95,20.57,52.2,5.55,234.33,groundnut
51,32,63,20.38,86.27,7.33,230.3,sunflower
92,29,30,17.02,53.33,6.8,142.49,tomato
89,74,87,21.15,45.5,6.48,226.59,chilli
62,47,69,15.16,89.91,6.92,206.5,potato
72,47,90,32.76,87.64,6.77,189.15,cotton
34,73,73,18.66,62.73,5.71,206.21,wheat
29,53,39,26.75,77.68,5.86,92.93,tomato
32,42,43,33.21,40.0,6.05,87.07,groundnut
22,61,73,24.45,62.56,6.41,214.0,sugarcane
62,53,29,15.78,53.3,7.18,110.54,onion
34,20,54,26.9,69.34,6.64,60.72,coffee
93,24,61,32.91,89.14,7.07,279.85,tomato
47,70,86,31.87,76.62,7.15,200.59,maize
32,44,88,32.52,46.92,6.33,121.46,onion
89,41,34,32.64,73.55,5.78,109.83,maize
20,42,90,23.89,88.93,7.47,219.08,chilli
86,84,91,16.97,42.35,6.96,273.53,maize
24,33,94,15.89,53.05,6.18,53.96,rice
83,77,26,27.1,87.22,5.7,57.16,potato
74,56,45,27.85,65.39,7.18,75.88,sugarcane
49,57,78,31.48,45.72,7.0,174.06,groundnut
66,48,32,26.65,53.15,6.25,79.05,cotton
62,49,91,25.43,69.29,6.68,285.24,wheat
57,35,79,17.83,51.44,6.82,277.39,sugarcane
24,35,55,29.2,51.89,6.17,157.16,wheat
41,50,20,23.99,53.01,6.17,210.22,sugarcane
88,70,86,22.26,57.42,7.46,282.27,rice
79,63,56,33.94,66.39,6.97,202.84,cotton
70,81,53,16.71,71.81,6.81,283.99,tomato
49,30,53,21.52,83.94,6.79,156.82,sunflower
50,91,93,16.13,71.05,6.87,180.8,onion
76,58,90,27.26,56.93,5.56,228.81,chilli
99,84,47,31.32,46.12,5.96,63.79,sunflower
57,40,58,24.52,43.4,5.76,172.22,coffee
87,21,47,29.25,64.23,7.38,232.31,wheat
49,49,54,28.03,63.06,5.99,65.86,sugarcane
52,94,60,26.63,55.01,7.23,292.58,tomato
21,29,38,31.6,42.72,7.03,247.66,tomato
41,44,84,25.84,71.17,6.1,80.99,chilli
34,70,24,30.79,61.45,6.38,216.55,onion
87,28,47,25.24,53.04,6.94,237.26,onion
47,37,70,15.79,73.64,6.84,70.39,onion
40,28,81,22.36,52.17,6.62,221.76,potato
72,57,50,29.23,52.36,7.21,113.13,sunflower
70,39,36,29.69,76.61,7.13,154.32,coffee
44,22,34,23.75,47.28,6.6,50.96,rice
80,87,42,18.91,88.67,6.98,126.56,chilli
63,40,77,34.79,60.12,6.4,172.86,sunflower
37,58,91,17.45,51.54,6.75,239.89,rice
89,63,95,26.56,70.85,6.39,83.65,sugarcane
78,99,28,17.52,64.55,5.76,144.31,tomato
87,82,30,27.41,52.59,6.84,180.92,maize
49,25,94,21.2,40.88,6.62,170.82,tomato
99,33,35,20.34,44.23,7.44,112.15,cotton
57,91,100,28.85,54.28,5.9,50.86,wheat
47,37,44,17.88,44.22,5.71,262.11,cotton
81,44,95,29.62,75.95,7.49,59.4,sunflower
36,24,31,19.0,72.0,6.55,219.35,tomato
89,67,68,33.23,50.46,7.13,179.66,wheat
75,78,31,19.89,78.06,7.49,231.55,maize
57,87,71,34.2,76.53,6.32,275.1,cotton
73,50,57,24.45,67.87,6.66,276.07,tomato
28,49,74,15.11,77.64,7.02,193.18,potato
52,86,34,27.51,77.2,6.99,63.42,wheat
56,81,56,17.48,72.3,6.44,137.4,sunflower
100,63,52,30.42,72.28,6.64,111.31,rice
70,63,77,28.26,71.07,6.76,51.32,chilli
30,45,82,27.62,66.84,6.76,157.47,potato
81,66,98,26.66,54.44,6.62,235.7,wheat
75,23,87,15.74,44.74,7.09,123.66,sugarcane
40,90,71,24.91,57.78,6.64,132.69,sunflower
89,32,93,26.56,59.11,6.77,277.92,cotton
53,32,23,15.28,89.89,6.85,164.58,tomato
59,34,92,19.46,63.81,7.21,285.92,tomato
82,46,92,33.92,40.79,5.85,296.49,sunflower
43,46,37,19.13,75.74,7.4,284.26,groundnut
33,21,90,24.42,85.78,6.29,184.2,maize
52,95,75,28.79,59.72,5.63,209.96,rice
37,75,76,26.05,87.72,7.05,277.59,maize
95,75,29,22.32,72.37,5.88,257.34,chilli
90,75,93,24.97,62.67,6.03,181.92,groundnut
36,27,32,27.31,67.11,6.59,194.78,sunflower
32,57,55,21.17,52.44,5.62,145.23,sunflower
41,57,20,27.05,46.04,6.18,248.2,maize
75,43,55,22.61,50.13,5.71,269.62,sugarcane
67,34,89,23.68,55.79,7.09,146.3,potato
20,46,30,18.46,48.62,7.17,236.65,tomato
34,76,43,21.85,73.99,6.93,296.65,chilli
34,51,74,34.6,65.86,5.68,177.91,maize
95,98,94,19.5,69.67,6.68,213.15,coffee
36,35,63,15.79,60.16,5.8,291.26,sunflower
79,93,34,32.45,55.51,5.52,243.27,chilli
49,73,34,15.39,78.84,5.88,285.96,groundnut
57,44,29,26.72,70.64,7.01,239.06,rice
57,52,59,18.32,42.05,6.43,120.82,wheat
87,63,45,31.89,69.75,6.93,252.29,rice
79,98,66,18.28,49.8,5.94,100.41,coffee
21,49,31,32.65,40.54,5.97,86.77,rice
84,42,53,29.6,72.94,5.71,134.95,chilli
62,75,82,27.5,69.28,5.86,73.98,sugarcane
29,36,58,16.77,68.19,6.6,145.9,chilli
46,55,62,34.94,53.57,6.1,280.0,wheat
47,45,91,22.06,48.68,6.57,105.06,potato
61,57,51,34.79,48.37,7.11,102.64,chilli
60,54,26,29.55,78.05,7.21,142.66,groundnut
21,58,39,18.58,68.99,7.0,54.54,groundnut
57,67,44,32.05,45.73,6.99,245.56,chilli
85,51,54,17.87,69.1,6.82,162.64,potato
58,32,72,18.72,82.33,6.28,144.61,rice
61,34,92,17.48,79.06,7.19,238.36,groundnut
63,22,34,15.65,80.24,6.45,78.59,maize
58,83,99,32.23,41.15,5.56,255.36,onion
98,82,74,26.84,63.7,5.51,272.65,wheat
58,27,58,25.36,54.11,6.17,207.85,groundnut
35,20,100,16.21,73.9,5.82,93.02,groundnut
45,30,37,25.65,69.8,7.23,204.63,groundnut
87,53,88,21.5,74.41,5.63,281.39,wheat
62,45,28,31.84,73.22,5.9,67.04,onion
55,45,71,31.47,42.75,6.7,73.96,onion
34,71,27,23.93,79.03,7.19,141.48,wheat
34,74,41,19.06,52.97,6.9,206.61,maize
69,67,59,25.58,40.53,7.15,172.08,cotton
93,26,84,32.01,73.08,5.77,133.83,sunflower
46,76,21,15.63,41.07,6.68,298.24,coffee
87,65,70,31.43,83.91,7.25,96.21,onion
60,83,32,30.72,79.5,7.12,64.08,rice
55,24,23,16.36,69.56,7.4,136.43,sunflower
91,60,32,19.69,41.18,6.89,275.55,sugarcane
79,89,34,24.11,62.36,7.43,102.26,maize
49,31,26,26.55,78.97,5.71,182.72,groundnut
91,74,85,21.7,88.09,6.18,110.22,coffee
24,59,56,29.07,43.38,6.89,155.03,cotton
58,30,73,34.57,46.37,6.35,133.08,coffee
45,28,82,15.48,51.99,7.4,139.07,onion
29,62,63,29.7,80.93,5.51,189.12,maize
21,95,55,21.1,87.37,7.33,292.65,wheat
31,70,92,27.8,40.54,5.68,177.24,onion
27,48,95,24.56,45.25,6.96,287.63,groundnut
76,28,32,33.29,43.71,7.36,100.53,sugarcane
98,33,62,15.97,57.5,5.79,138.33,rice
69,84,33,18.72,68.32,7.04,114.91,sugarcane
21,31,41,26.09,70.09,5.88,296.53,maize
50,98,22,29.14,73.91,6.71,258.61,sunflower
66,82,40,27.4,45.58,7.41,198.41,tomato
57,57,74,22.21,56.45,7.48,297.95,wheat
59,76,27,34.95,74.89,6.83,122.94,tomato
94,99,80,25.06,74.77,5.97,133.46,sunflower
68,55,85,25.73,69.11,7.03,107.27,potato
48,86,49,30.68,54.97,6.07,166.45,onion
43,57,100,26.32,58.34,5.52,290.07,rice
78,68,84,27.27,61.55,6.83,295.03,coffee
78,29,84,18.54,50.07,5.73,150.32,sugarcane
77,76,45,29.25,47.63,7.27,152.78,groundnut
53,73,26,26.47,48.98,6.78,83.58,groundnut
41,20,75,23.49,72.48,7.04,80.34,tomato
37,44,28,28.47,89.7,6.34,122.57,rice
48,49,40,31.26,60.85,6.89,141.83,rice
50,24,80,33.74,69.38,6.83,187.38,onion
26,42,60,25.5,73.58,6.58,175.62,cotton
97,54,99,15.21,54.79,5.82,238.88,potato
100,58,32,34.67,65.75,7.07,164.7,chilli
32,48,77,22.51,78.31,6.96,109.07,cotton
62,49,28,18.29,56.5,7.33,50.05,tomato
64,67,95,19.1,86.62,6.97,140.95,sunflower
52,95,68,18.9,87.58,7.03,223.84,sunflower
77,51,31,30.61,73.43,6.53,174.34,groundnut
67,36,66,15.79,87.03,6.53,171.45,maize
36,88,21,15.11,40.28,7.32,87.4,chilli
81,46,33,32.21,63.76,6.58,226.29,potato
55,99,69,23.2,83.69,5.67,193.62,rice
64,61,85,26.87,66.0,6.72,82.3,rice
78,37,78,26.66,80.31,6.41,165.14,maize
74,95,46,33.05,87.07,6.64,91.38,wheat
82,67,28,25.93,88.94,5.73,92.78,coffee
34,53,78,23.76,64.46,6.72,142.56,cotton
25,41,24,18.13,51.17,6.83,146.38,cotton
30,22,37,29.5,68.53,6.68,94.98,potato
80,34,56,26.74,76.49,6.46,129.88,tomato
34,32,69,22.16,65.66,6.53,297.39,potato
76,48,20,15.2,69.1,7.39,260.64,chilli
41,94,28,27.81,61.39,6.37,199.23,cotton
28,35,26,26.72,54.26,7.34,63.6,rice
68,66,67,25.08,43.76,6.14,92.55,coffee
76,32,98,32.62,74.94,6.54,171.45,sugarcane
68,76,51,27.61,73.82,7.15,284.08,sugarcane
29,93,26,15.87,65.43,7.28,72.68,coffee
83,43,91,32.34,56.35,6.03,164.58,cotton
98,24,94,19.0,59.26,7.1,130.5,sugarcane
38,71,33,33.85,61.05,6.49,233.94,rice
28,62,97,25.53,69.06,7.42,69.52,cotton
40,43,30,32.72,74.65,7.21,192.12,cotton
51,30,80,17.59,72.95,5.9,141.24,maize
95,28,21,20.96,45.61,6.12,139.86,rice
64,70,74,29.17,48.81,6.44,254.42,potato
25,83,91,16.15,41.78,7.37,157.06,sunflower
96,75,78,20.72,49.5,6.39,258.44,potato
93,76,96,22.04,78.71,5.92,95.53,rice
48,79,61,29.3,43.87,7.01,264.65,coffee
22,39,76,29.76,63.08,5.62,154.54,rice
20,41,83,26.14,86.54,6.45,237.27,rice
87,57,64,24.55,85.56,6.82,173.04,cotton
51,53,39,26.95,80.66,6.93,258.06,groundnut
87,82,52,29.05,54.67,5.99,265.81,maize
35,42,92,30.37,60.39,6.09,182.86,chilli
93,97,94,34.85,75.74,5.67,53.17,coffee
59,97,82,16.01,62.76,5.53,207.22,potato
60,66,29,29.98,82.34,7.08,140.43,chilli
38,68,92,22.99,74.96,6.2,80.77,coffee
37,37,72,32.92,64.72,6.27,160.45,chilli
88,49,20,17.26,55.83,5.91,88.88,maize
72,32,69,34.41,61.54,6.02,144.45,groundnut
55,66,36,28.2,40.19,6.06,86.24,sunflower
83,81,29,15.23,62.08,6.32,174.27,tomato
80,67,55,24.26,77.18,7.17,107.78,wheat
65,83,41,30.91,55.28,7.23,166.07,cotton
71,86,34,29.36,49.75,6.33,113.63,cotton
37,79,42,16.63,41.15,6.09,176.25,cotton
93,78,53,29.64,81.94,7.43,121.87,cotton
94,90,63,30.98,40.52,5.89,193.89,rice
94,56,95,22.51,53.67,5.6,281.38,potato
36,44,26,29.96,50.74,7.38,246.0,sugarcane
90,23,59,28.07,47.91,5.76,245.46,rice
65,34,56,24.84,89.78,6.41,121.56,maize
80,59,66,31.11,42.8,5.66,131.36,rice
60,75,55,15.63,69.68,6.17,211.32,coffee
95,88,26,34.32,62.01,7.08,264.44,sugarcane
23,99,67,25.06,68.17,6.07,271.02,rice
29,45,94,30.94,49.61,5.97,161.12,chilli
64,79,62,25.47,57.82,7.03,200.13,potato
99,84,25,16.44,59.15,6.5,176.55,maize
95,27,30,16.68,51.16,7.33,111.46,cotton
63,53,100,15.31,52.34,6.77,180.01,coffee
47,40,73,30.2,62.8,6.24,106.45,sugarcane
40,36,40,15.19,45.48,6.78,157.74,rice
27,30,41,32.88,80.01,6.18,127.53,sunflower
90,69,28,21.83,83.98,6.55,298.08,coffee
89,74,96,22.1,69.85,6.39,207.69,coffee
81,48,77,31.6,79.44,5.97,242.34,maize
53,27,28,21.76,58.91,7.39,258.13,coffee
60,97,100,34.39,80.3,6.8,76.15,maize
24,78,65,18.32,54.29,6.83,201.3,coffee
72,39,72,21.14,41.04,6.28,61.43,coffee
87,27,72,29.26,61.59,6.42,228.82,cotton
59,83,88,28.22,53.27,5.69,77.5,onion
21,49,38,32.84,81.58,6.43,227.35,sunflower
50,98,71,15.58,73.89,5.84,250.31,sunflower
35,43,55,33.46,51.98,6.99,180.2,onion
56,35,92,18.74,49.17,5.6,237.48,sunflower
52,27,51,33.18,66.76,7.12,180.27,chilli
89,24,91,22.71,62.13,5.98,107.3,groundnut
57,77,35,30.59,83.18,7.07,212.11,sunflower
54,36,94,22.45,42.45,5.63,153.56,potato
20,44,68,25.08,62.9,6.95,54.96,tomato
47,38,45,28.13,58.85,5.9,121.94,maize
76,82,99,28.13,79.84,5.57,192.53,potato
52,27,29,27.73,49.79,6.8,200.67,maize
95,99,100,33.61,61.24,7.23,188.75,wheat
28,74,93,28.53,82.04,7.03,201.62,groundnut
63,68,23,27.61,43.93,6.79,206.53,sugarcane
65,51,38,24.15,46.7,6.03,221.3,cotton
25,61,35,29.03,77.12,7.12,210.88,potato
42,64,76,17.96,78.05,6.73,259.79,sunflower
42,79,76,34.08,76.29,7.34,83.86,onion
38,94,91,20.0,48.39,6.34,121.27,tomato
80,23,81,15.09,41.78,6.38,245.97,onion
56,99,97,23.54,61.23,5.94,112.35,cotton
37,50,51,25.56,85.71,6.8,126.85,sunflower
73,83,89,34.64,51.56,6.43,162.76,cotton
26,83,68,20.04,75.28,7.07,60.13,onion
28,37,79,18.92,56.2,6.18,140.34,maize
88,40,46,32.58,86.59,5.51,236.04,wheat
28,28,71,32.43,57.53,6.08,66.53,chilli
74,90,38,18.57,76.68,7.19,173.89,coffee
38,81,81,15.36,67.9,6.52,92.87,cotton
30,34,58,22.73,66.49,7.1,194.04,tomato
25,46,82,34.58,78.46,5.73,285.36,wheat
60,31,30,25.44,62.53,5.88,287.72,chilli
92,25,78,23.17,41.57,6.81,252.47,coffee
77,89,58,28.5,87.15,5.86,78.87,coffee
85,97,48,24.48,42.35,5.91,244.18,rice
60,26,64,15.63,69.42,6.81,67.37,potato
26,23,56,21.53,67.03,7.49,293.56,wheat
85,70,97,21.25,85.99,7.43,221.24,cotton
38,25,40,26.86,58.45,6.16,224.43,sunflower
71,89,43,21.41,58.08,5.57,86.52,maize
38,23,92,22.75,67.31,6.17,79.55,chilli
76,42,86,30.89,76.13,6.38,153.93,groundnut
85,70,32,30.2,61.83,6.19,205.57,sugarcane
34,48,85,19.13,85.96,5.98,228.83,rice
31,27,48,32.1,76.92,6.8,128.57,rice
94,47,46,24.95,45.81,6.99,52.98,rice
96,35,76,24.79,61.36,7.09,53.54,cotton
60,86,33,33.97,41.5,7.24,151.25,wheat
74,89,31,31.5,68.66,6.63,124.39,rice
21,98,80,21.49,75.38,6.62,122.24,wheat
22,29,23,32.67,72.85,7.44,287.09,sugarcane
26,43,44,31.78,48.14,5.78,258.75,wheat
72,91,73,24.3,55.06,6.2,141.64,wheat
56,23,100,17.56,80.72,5.58,157.35,groundnut
63,64,50,18.67,58.3,6.4,97.32,wheat
88,63,62,20.18,72.08,6.5,96.85,cotton
68,64,93,19.33,72.1,6.16,163.05,wheat
62,51,49,33.69,78.95,7.34,231.82,wheat
74,92,45,32.56,67.74,6.97,66.95,wheat
100,93,98,16.45,51.69,6.58,238.74,maize
89,58,76,24.79,61.66,6.74,230.92,wheat
61,88,79,15.6,77.15,6.88,210.93,maize
63,58,33,25.71,87.78,6.88,61.62,maize
34,75,60,29.92,81.26,6.45,210.06,sugarcane
73,71,100,34.32,73.64,6.46,217.14,onion
78,46,77,22.35,66.49,5.77,167.06,rice
23,100,87,21.04,59.01,6.09,274.27,tomato
79,100,32,18.63,76.17,5.54,244.54,sunflower
31,93,29,30.83,52.01,5.95,96.0,chilli
42,78,46,33.22,70.97,6.1,289.14,maize
44,69,50,34.12,84.2,5.97,163.84,cotton
43,46,58,31.51,83.95,6.56,167.06,cotton
76,26,62,30.54,78.25,6.03,164.83,onion
81,57,93,26.92,71.79,5.84,227.43,tomato
51,88,69,21.93,86.05,6.61,163.55,groundnut
35,29,79,20.12,40.65,5.82,80.72,tomato
50,24,84,29.9,52.16,5.78,215.58,wheat
85,91,89,31.21,89.11,6.39,298.15,tomato
58,69,47,30.12,89.57,6.62,269.91,coffee
49,26,66,18.44,75.5,5.68,145.54,onion
29,82,62,28.88,44.78,6.29,242.94,wheat
80,61,56,23.27,54.14,6.74,103.74,cotton
77,48,66,18.52,78.93,7.03,248.75,onion
46,79,87,27.88,40.14,7.37,248.72,wheat
93,94,49,24.94,46.37,6.67,145.88,coffee
56,91,99,17.11,58.14,5.99,238.15,rice
58,74,100,29.08,56.25,7.32,173.54,potato
26,42,21,15.64,79.69,5.55,137.98,potato
81,95,69,21.99,58.87,7.14,296.24,wheat
80,84,31,24.53,63.37,7.22,282.36,maize
29,39,21,31.23,41.49,6.85,135.61,coffee
38,83,37,22.66,74.12,5.62,231.51,cotton
64,65,23,27.5,61.46,6.45,140.87,rice
76,95,58,32.33,64.56,7.43,229.44,tomato
51,42,70,30.92,78.15,6.35,65.11,sugarcane
27,24,30,28.06,87.11,6.46,116.82,sunflower
51,46,81,29.7,43.57,6.5,146.72,sugarcane
97,30,69,15.34,83.05,7.41,82.62,coffee
52,85,93,16.61,75.21,6.2,286.14,wheat
24,71,96,23.01,89.28,7.47,210.02,sunflower
87,21,87,28.03,56.61,6.53,55.34,sugarcane
81,47,39,24.56,41.97,7.08,85.58,coffee
27,89,95,31.03,56.92,7.45,142.42,tomato
58,25,64,22.38,64.34,6.7,92.88,potato
64,51,37,26.93,44.51,6.73,99.38,onion
67,23,85,25.35,74.88,6.76,249.87,potato
90,63,28,22.45,61.68,5.99,137.55,sunflower
100,98,96,15.13,85.43,6.61,256.91,coffee
88,84,62,21.33,50.28,6.54,205.87,maize
73,72,27,33.89,59.0,6.5,136.94,rice
95,24,41,15.9,63.95,6.26,251.69,groundnut
32,31,93,32.73,67.33,7.11,162.73,chilli
90,66,63,26.88,63.22,6.77,131.11,groundnut
96,32,95,25.55,42.41,5.51,146.92,maize
100,55,83,18.45,46.72,5.94,188.71,potato
40,31,44,28.99,83.33,5.95,101.47,potato
22,55,69,30.79,81.64,5.53,278.99,sugarcane
32,34,24,30.68,74.48,6.65,126.99,tomato
98,95,46,18.27,84.61,5.64,207.03,tomato
96,35,50,15.46,73.55,5.95,137.36,chilli
65,94,92,19.12,44.19,5.56,108.43,sugarcane
64,70,76,25.74,80.7,5.95,233.05,sunflower
35,82,53,28.02,56.9,5.81,161.16,onion
31,47,35,29.93,69.01,7.48,213.3,coffee
68,74,84,15.14,64.93,6.7,113.84,chilli
23,58,81,19.63,61.0,6.46,282.72,maize
69,48,88,29.95,64.23,6.47,149.58,rice
100,49,57,21.93,78.88,7.47,144.15,maize
57,65,92,27.75,44.32,5.96,247.33,cotton
59,57,41,25.29,56.94,6.06,274.78,onion
92,68,89,30.25,85.26,6.96,108.31,sugarcane
47,25,76,26.36,44.32,6.46,250.87,maize
65,82,27,29.77,78.85,6.33,64.96,potato
36,51,56,28.2,62.92,7.47,242.09,rice
82,80,59,34.23,57.93,6.71,204.01,onion
85,69,94,24.4,54.94,6.53,292.2,potato
37,87,82,19.62,74.3,7.09,192.09,sunflower
70,32,45,33.11,69.71,6.48,159.07,wheat
56,78,83,33.6,46.2,6.22,297.4,chilli
58,48,45,33.67,71.95,5.56,247.19,sunflower
26,46,100,27.29,56.06,7.45,186.84,potato
34,36,97,19.13,73.21,6.13,229.93,sugarcane
76,61,63,20.02,54.59,6.79,159.96,groundnut
80,45,92,22.13,70.24,5.59,162.75,sugarcane
23,25,22,29.88,47.74,6.37,199.85,onion
97,40,44,19.05,72.51,5.72,189.28,cotton
73,37,56,31.99,69.72,5.56,80.25,onion
53,43,20,31.59,45.51,6.0,60.63,tomato
33,71,45,16.55,80.86,5.53,79.74,coffee
41,83,22,32.08,86.12,5.71,229.44,tomato
84,37,96,26.14,72.03,7.3,294.39,maize
22,92,63,32.03,68.13,6.05,266.26,onion
38,69,25,18.17,85.08,5.5,195.38,cotton
45,42,93,33.09,50.75,5.53,245.47,tomato
30,30,67,32.9,82.8,7.36,192.08,chilli
37,70,21,18.93,65.41,6.97,254.53,chilli
37,88,60,26.97,80.35,7.46,182.15,onion
27,63,41,30.42,67.59,5.64,175.11,sugarcane
87,44,30,15.35,61.87,6.15,67.61,coffee
56,51,46,26.85,62.62,7.3,289.27,tomato
55,29,97,21.8,46.89,7.24,154.49,wheat
78,50,56,24.2,49.93,6.16,150.61,coffee
53,64,21,30.83,82.16,6.63,241.02,sugarcane
67,41,95,32.41,86.79,6.09,193.8,rice
37,63,28,25.31,81.59,5.78,92.94,sunflower
24,50,84,15.2,72.86,5.53,201.78,sunflower
55,68,75,32.49,57.62,5.62,76.3,tomato
45,87,51,16.09,85.18,5.53,79.44,maize
57,77,58,31.9,42.24,7.16,70.72,sugarcane
88,25,72,25.6,76.66,5.76,209.34,onion
85,97,91,16.0,66.65,5.56,68.59,maize
79,35,39,16.74,75.53,6.18,234.33,tomato
100,64,64,32.13,44.9,6.26,195.1,coffee
95,44,87,32.92,43.05,6.83,143.9,sugarcane
83,24,87,21.2,70.4,5.81,161.71,groundnut
67,53,44,26.39,51.56,6.3,112.24,onion
94,68,20,31.26,82.71,5.51,282.79,coffee
93,53,73,22.39,47.04,7.29,185.28,sugarcane
88,76,42,17.32,52.58,6.75,183.97,coffee
99,46,42,16.62,46.72,6.19,154.59,chilli
87,61,53,19.69,79.43,5.62,56.74,sunflower
28,70,71,18.5,75.7,5.92,228.31,tomato
80,85,43,15.27,52.18,6.98,180.29,maize
53,60,97,30.69,73.9,7.22,195.72,sunflower
27,97,26,19.35,48.12,7.38,194.79,sunflower
52,85,41,31.91,68.0,6.57,141.63,onion
50,67,86,22.64,41.81,6.86,134.97,coffee
33,55,43,23.04,77.02,6.72,244.41,tomato
42,72,35,24.23,64.09,7.17,269.7,tomato
39,56,66,24.41,78.04,5.77,205.13,tomato
25,52,64,16.27,79.35,6.7,77.79,sugarcane
98,20,62,30.95,83.04,6.65,253.55,wheat
52,33,23,29.91,51.77,6.86,155.78,onion
61,24,53,24.3,85.81,7.43,215.68,wheat
30,70,64,16.8,45.58,6.08,254.95,tomato
23,26,70,28.71,60.69,6.0,119.85,tomato
68,68,63,18.42,64.18,6.95,109.56,rice
47,55,100,16.53,84.87,6.31,243.55,chilli
87,64,89,18.44,62.91,5.52,270.67,wheat
81,35,59,23.17,72.12,6.34,101.39,tomato
21,25,75,17.84,70.09,5.86,114.51,cotton
48,94,58,27.33,56.38,7.29,260.49,wheat
30,97,93,25.39,87.08,7.47,129.18,wheat
38,48,23,26.71,76.49,6.98,81.56,tomato
91,82,64,29.37,68.49,5.62,171.22,coffee
87,49,43,15.06,55.11,7.03,181.7,onion
70,42,24,27.84,78.32,7.28,74.47,groundnut
28,20,59,17.0,86.22,6.22,59.7,tomato
62,72,39,18.28,84.29,6.93,291.19,sugarcane
79,90,60,25.38,66.33,6.7,135.89,maize
64,56,73,31.0,47.39,6.69,225.85,chilli
83,78,81,32.94,55.98,6.3,99.33,coffee
40,97,70,30.86,83.61,6.32,238.45,maize
42,51,28,21.46,53.11,5.88,200.96,groundnut
62,23,98,25.8,63.43,6.38,243.73,tomato
42,83,78,17.62,59.79,5.94,108.91,wheat
30,50,77,17.7,76.18,7.4,244.47,sunflower
81,69,42,30.54,70.21,6.73,278.04,potato
62,64,86,15.11,71.94,6.34,183.51,cotton
83,50,88,17.39,73.8,7.02,254.27,sunflower
73,33,20,32.86,56.01,6.45,109.54,sugarcane
80,99,51,27.23,54.1,6.61,287.55,coffee
63,69,99,22.52,49.45,6.56,86.16,tomato
51,94,50,22.3,88.21,6.81,236.58,sugarcane
61,61,36,20.2,70.8,6.32,224.4,coffee
43,77,99,25.21,71.1,6.49,122.53,groundnut
28,37,28,33.15,62.94,6.47,146.28,rice
85,66,81,16.7,89.5,5.76,262.99,potato
58,20,56,26.17,63.55,7.02,143.71,onion
60,82,42,20.95,78.17,6.91,127.1,tomato
34,78,48,26.64,70.93,7.46,156.84,potato
33,89,50,20.48,66.82,6.15,281.64,tomato
47,25,91,32.01,42.35,5.93,238.98,sugarcane
30,65,98,29.06,69.54,6.74,123.65,coffee
66,73,53,29.46,54.61,6.28,170.96,chilli
66,60,78,29.49,84.2,6.3,282.52,maize
53,23,68,21.44,77.9,5.55,71.86,tomato
47,39,54,32.39,79.64,5.56,109.16,wheat
77,73,52,23.88,46.43,7.21,277.8,coffee
25,25,34,25.01,66.63,6.87,82.21,maize
97,60,37,34.52,60.92,7.18,190.18,sunflower
22,77,85,31.11,72.85,5.59,96.35,onion
91,82,49,26.23,63.78,5.98,172.92,sugarcane
98,79,93,25.53,72.31,5.64,225.02,coffee
89,86,85,17.23,55.36,5.87,166.33,sunflower
22,87,29,27.62,73.48,5.8,140.87,tomato
23,56,97,18.42,58.54,7.38,84.76,sunflower
48,22,69,17.93,54.07,5.67,167.22,tomato
55,61,89,22.18,40.19,6.96,78.61,sunflower
84,45,47,29.55,65.99,6.8,274.44,sugarcane
46,54,76,24.82,86.24,7.24,198.21,cotton
98,26,96,27.72,74.37,7.47,148.26,chilli
75,86,98,20.73,63.46,6.57,263.43,potato
95,95,46,24.33,74.72,6.39,298.04,wheat
74,58,41,21.13,57.93,5.74,144.01,rice
21,90,41,28.32,40.45,6.42,93.58,groundnut
25,39,84,24.19,69.26,7.18,223.99,sugarcane
85,59,61,26.88,52.2,6.45,59.02,rice
89,53,57,30.86,44.96,6.24,127.39,tomato
85,45,35,19.01,89.41,6.73,61.44,maize
58,79,73,21.4,59.62,6.27,52.68,groundnut
93,67,65,34.39,52.37,5.88,106.88,rice
32,75,79,15.82,80.1,5.9,71.51,groundnut
94,97,29,32.79,86.51,7.34,218.74,wheat
83,39,51,22.48,44.3,6.02,271.62,sunflower
86,72,52,24.12,64.69,7.2,77.71,coffee
87,82,81,23.23,69.55,6.49,70.38,onion
86,78,69,31.12,40.19,5.51,260.59,wheat
70,53,46,18.35,57.71,6.34,89.22,coffee
36,41,31,27.33,56.98,6.9,114.66,rice
58,59,51,33.03,83.99,6.97,117.17,tomato
24,34,27,27.96,74.07,6.14,248.56,chilli
66,89,60,19.1,81.83,6.44,162.33,rice
48,97,43,20.27,84.33,7.25,242.69,groundnut
42,87,37,33.66,42.62,7.33,58.68,potato
32,65,90,28.33,86.87,6.03,211.93,onion
52,94,32,26.21,79.26,6.59,170.35,cotton
80,39,82,20.54,73.92,7.42,256.56,rice
73,31,48,20.31,71.71,6.28,115.73,coffee
36,24,43,30.74,78.57,6.46,265.98,rice
39,44,95,34.64,86.41,5.77,241.21,coffee
41,54,50,18.04,59.45,5.94,218.6,potato
31,77,31,15.23,65.54,5.71,144.74,sunflower
38,37,74,25.01,44.02,7.19,66.24,rice
49,60,33,16.4,61.68,7.26,161.66,rice
73,46,40,32.02,40.86,7.46,225.01,wheat
56,67,88,15.17,64.17,5.64,234.95,wheat
25,79,87,28.71,45.38,7.18,53.36,rice
70,46,87,27.56,72.83,6.38,87.75,chilli
88,67,24,34.8,49.89,7.11,192.34,maize
93,25,24,17.47,50.7,6.32,95.76,sunflower
44,65,72,19.63,89.1,6.96,224.87,potato
28,82,21,17.35,72.84,7.48,245.37,cotton
41,58,76,23.79,44.54,6.93,239.67,coffee
29,50,43,24.67,48.68,6.5,99.55,cotton
51,38,90,29.86,73.98,6.19,58.74,onion
36,24,29,28.92,87.25,7.37,93.36,cotton
73,75,58,31.79,70.27,7.32,189.69,sugarcane
78,46,54,20.69,49.48,6.89,63.93,onion
99,35,22,16.8,46.22,7.5,193.43,potato
84,34,59,27.76,88.79,7.13,149.29,sugarcane
40,29,53,21.14,64.08,6.38,53.28,potato
27,40,64,20.84,67.81,7.23,269.42,rice
86,92,47,19.51,60.89,6.46,281.11,tomato
52,23,94,21.8,58.29,5.54,117.69,rice
26,45,39,23.8,67.42,6.27,127.0,sugarcane
38,29,69,27.23,79.26,7.39,120.7,chilli
90,69,51,22.34,54.63,7.41,106.27,coffee
40,61,38,23.78,51.0,6.85,94.87,sunflower
43,75,98,24.02,68.49,6.23,226.26,potato
80,59,85,17.25,54.81,5.79,154.8,maize
90,36,87,18.0,53.14,5.65,89.67,cotton
21,82,85,28.8,55.57,5.78,284.36,onion
60,38,33,31.5,66.56,6.34,72.67,wheat
22,54,36,17.87,62.05,7.34,207.97,tomato
42,30,96,29.46,55.8,5.8,181.94,onion
70,33,79,24.29,66.86,7.26,294.06,wheat
59,100,63,29.89,89.99,7.17,105.46,rice
23,24,28,25.44,73.37,6.74,214.18,sunflower
74,42,33,32.65,89.21,5.61,166.44,tomato
33,45,77,34.22,44.22,6.38,155.33,potato
80,93,86,20.15,83.68,6.7,222.87,coffee
87,35,66,21.08,65.07,6.86,193.08,groundnut
24,54,98,29.33,57.74,6.73,295.86,tomato
35,25,37,18.58,46.86,7.28,87.94,potato
51,87,23,34.4,89.03,6.13,222.56,chilli
46,35,53,33.33,88.0,5.85,118.77,potato
41,97,54,33.01,72.99,6.74,118.89,rice
31,45,68,31.82,85.19,7.17,59.97,sunflower
50,63,56,30.59,69.28,6.7,219.18,sugarcane
82,52,71,28.97,49.43,7.49,296.41,sugarcane
76,22,54,20.67,50.81,6.76,190.45,potato
37,46,81,32.65,63.65,6.89,144.42,sunflower
94,46,45,34.44,42.74,5.89,169.78,chilli
40,73,45,24.84,52.2,6.68,128.99,chilli
66,92,41,22.02,53.69,5.71,277.43,maize
71,89,59,21.79,43.32,7.47,91.1,cotton
71,52,39,17.05,48.86,7.46,290.24,chilli
74,30,33,23.83,41.65,7.12,236.19,rice
22,31,89,19.22,65.93,6.47,86.9,groundnut
44,70,24,23.4,89.33,7.1,106.52,onion
52,68,58,20.37,42.29,7.32,171.7,tomato
22,72,37,19.65,73.55,5.5,207.89,groundnut
46,98,93,24.94,62.83,7.11,78.88,tomato
89,42,91,19.6,68.9,6.86,282.5,chilli
24,92,66,28.99,64.38,6.76,65.47,rice
47,35,36,33.49,74.75,5.63,280.99,cotton
87,75,46,24.66,71.17,5.79,228.83,cotton
95,21,68,21.76,85.99,6.04,170.05,coffee
25,40,56,19.44,65.93,6.99,62.25,onion
79,31,80,28.29,78.47,5.8,212.52,maize
57,97,44,26.83,80.72,6.36,192.23,rice
51,25,91,24.16,88.12,6.37,261.26,rice
25,100,85,31.07,64.04,7.23,77.39,wheat
89,20,89,26.33,77.69,7.41,278.39,onion
63,41,77,20.57,63.76,7.06,297.14,rice
28,30,75,29.38,70.73,6.86,273.83,coffee
38,83,69,20.44,60.04,7.04,287.95,tomato
52,33,46,32.99,81.39,7.5,107.93,cotton
95,43,80,33.76,60.29,6.77,128.25,rice
77,92,27,25.91,46.95,6.34,202.09,potato
41,82,87,19.73,82.28,7.2,106.51,groundnut
48,73,26,17.15,45.12,7.33,228.33,sunflower
61,57,39,19.66,77.1,6.0,241.11,onion
41,29,99,18.51,41.77,6.08,98.89,potato
77,58,95,32.87,88.54,7.03,168.74,maize
97,21,30,31.82,56.98,6.74,263.69,maize
55,76,20,30.48,78.94,6.52,233.31,sugarcane
45,60,27,33.03,70.32,6.92,117.11,wheat
85,76,47,20.04,44.05,7.33,158.03,sunflower
60,83,72,15.67,54.73,7.05,126.91,sugarcane
25,95,32,16.58,59.25,7.15,60.86,cotton
86,89,22,21.34,48.62,7.01,111.92,coffee
32,90,28,18.54,64.58,7.4,245.48,groundnut
39,74,60,15.01,58.87,7.03,125.88,rice
72,78,66,30.43,66.11,5.92,180.06,tomato
43,83,67,34.14,74.19,6.52,267.45,sunflower
93,76,46,34.21,83.24,7.17,94.76,maize
78,38,44,31.82,68.77,6.8,110.02,coffee
49,45,48,27.67,44.85,7.11,161.05,onion
74,50,39,28.91,87.65,7.06,118.49,maize
42,36,96,28.02,40.06,6.98,153.74,groundnut
24,45,30,28.89,66.27,6.93,61.69,cotton
24,91,77,22.07,42.84,5.81,77.92,rice
73,40,43,20.76,51.37,6.09,113.5,chilli
32,84,38,33.43,78.94,7.14,175.6,potato
97,33,43,27.84,62.94,5.55,243.1,potato
97,28,76,16.33,59.48,5.83,162.92,rice
75,91,23,31.26,83.48,5.76,291.28,chilli
34,42,98,26.4,43.69,7.25,160.78,wheat
25,31,53,19.54,54.91,7.07,235.16,groundnut
25,56,24,27.64,64.84,5.63,53.77,wheat
70,59,48,20.53,64.56,5.82,232.29,onion
67,93,24,26.47,52.48,5.87,161.79,sunflower
45,70,54,33.72,47.89,7.3,114.36,potato
84,85,76,16.7,48.42,6.17,272.08,chilli
88,23,85,26.98,76.51,6.67,271.11,wheat
97,63,72,34.57,60.48,6.4,215.82,onion
75,62,34,31.48,88.71,7.27,238.68,sunflower
63,55,31,34.23,40.9,5.9,59.57,wheat
81,64,62,33.61,52.14,6.78,181.03,wheat
45,82,70,17.12,40.29,6.53,105.9,rice
26,21,75,17.72,48.51,6.02,209.92,cotton
39,69,46,30.8,87.73,6.94,140.26,maize
28,83,44,20.75,60.48,6.79,203.62,potato
68,95,78,28.86,82.79,5.92,298.06,chilli
64,75,90,31.4,64.2,6.83,221.31,rice
76,23,57,19.31,48.13,5.83,67.99,wheat
23,84,96,28.14,43.73,6.11,112.58,sugarcane
82,67,41,18.7,57.75,6.68,249.03,chilli
97,32,58,28.93,77.27,6.87,161.47,maize
94,24,99,28.84,41.12,7.15,229.05,chilli
68,59,78,23.12,74.32,6.89,105.98,groundnut
27,44,51,29.39,87.03,6.23,262.41,sugarcane
77,57,39,16.49,76.43,5.65,220.75,onion
79,33,67,22.04,88.04,6.81,220.09,rice
50,36,47,17.67,68.61,5.71,224.13,chilli
45,42,69,28.97,50.62,7.11,115.62,cotton
82,74,100,29.41,55.65,6.42,155.25,groundnut
91,82,49,23.26,66.72,5.85,108.68,maize
52,78,33,16.96,81.54,6.91,275.22,sugarcane
59,48,87,23.95,60.76,6.1,83.99,coffee
49,49,85,30.03,78.55,7.32,141.78,tomato
33,48,96,32.67,72.38,5.98,249.16,groundnut
62,20,56,25.84,56.8,6.07,205.59,groundnut
23,70,82,33.36,41.6,7.13,217.31,coffee
72,60,53,27.48,84.59,7.19,178.2,rice
37,97,56,23.32,60.06,5.51,115.79,maize
70,94,22,16.3,84.29,7.42,193.95,rice
86,87,72,24.86,63.71,7.42,205.4,sugarcane
28,86,71,16.84,79.21,6.39,267.64,groundnut
79,48,51,22.28,58.42,5.54,298.0,wheat
67,72,52,20.0,81.54,6.9,121.69,chilli
70,76,89,17.25,70.31,6.81,86.81,sunflower
24,48,41,26.44,49.5,6.74,102.08,rice
57,50,93,17.66,70.51,7.12,97.63,groundnut
48,98,71,27.07,80.13,6.02,266.46,maize
52,88,26,34.58,46.04,6.56,171.79,potato
55,41,63,18.26,51.75,7.01,265.32,groundnut
46,82,99,22.41,50.46,7.06,156.73,tomato
74,33,80,30.54,63.5,7.03,103.71,chilli
88,67,23,25.9,67.46,5.96,51.46,chilli
39,30,46,33.55,64.68,6.61,119.9,sunflower
44,34,53,34.07,71.6,6.62,195.28,onion
77,28,87,22.08,89.0,6.78,278.69,onion
64,81,98,20.63,82.74,6.82,244.6,coffee
24,96,92,34.36,57.08,6.47,136.27,onion
75,28,40,27.06,71.23,6.74,116.9,rice
30,50,78,18.18,56.24,7.16,64.41,sugarcane
24,78,49,28.06,80.76,7.07,122.9,rice
27,65,21,27.67,40.96,7.06,62.7,sunflower
75,49,30,25.47,79.03,6.37,274.31,wheat
89,87,43,18.55,78.86,5.57,56.53,coffee
26,84,74,20.71,43.53,7.1,110.73,sunflower
56,81,91,18.52,85.09,6.92,146.13,cotton
28,53,84,23.49,50.2,6.34,247.78,potato
73,66,42,25.84,50.37,6.42,161.96,groundnut
69,73,73,23.6,83.12,7.18,108.71,chilli
47,66,97,18.38,65.04,7.42,208.01,wheat
92,37,65,22.88,69.31,6.93,249.47,maize
96,25,79,29.3,64.8,5.6,165.03,sunflower
52,49,99,27.17,45.27,6.37,53.95,tomato
96,91,99,24.97,87.28,5.68,293.96,chilli
66,96,83,31.52,75.86,5.85,134.8,rice
50,29,65,34.4,67.82,6.1,215.02,chilli
89,75,89,28.35,68.4,7.46,112.78,maize
48,56,59,29.59,40.36,6.63,104.52,wheat
48,86,40,25.36,62.7,6.77,98.24,wheat
20,62,66,22.8,85.55,6.74,126.26,groundnut
91,62,80,23.5,43.12,6.19,194.39,groundnut
74,92,47,22.04,59.33,5.83,223.86,rice
58,60,63,31.9,47.91,7.41,196.71,potato
59,36,52,15.76,68.53,7.45,231.79,potato
63,87,92,19.73,68.65,6.64,99.38,coffee
23,85,24,26.65,45.92,6.8,128.6,sugarcane
97,83,21,20.35,46.99,6.89,266.48,wheat
78,79,58,16.58,77.87,7.29,272.73,rice
100,64,48,30.03,60.59,7.02,195.76,tomato
31,24,56,24.16,65.98,6.61,183.04,potato
89,83,73,25.66,70.13,6.59,161.72,sugarcane
67,97,72,26.7,60.38,7.22,50.85,sugarcane
89,92,53,26.17,61.85,5.88,180.22,rice
63,23,95,25.89,88.69,5.74,141.76,maize
75,69,37,21.27,79.05,6.53,226.92,sunflower
78,95,21,31.59,83.41,6.61,145.43,sugarcane
42,36,74,18.34,88.83,6.22,197.32,cotton
58,84,81,33.42,63.1,6.78,145.54,onion
35,63,27,20.19,83.8,6.79,228.15,sunflower
24,28,26,29.56,87.79,7.35,154.74,potato
55,74,64,26.33,48.42,6.88,250.29,coffee
86,69,77,18.55,43.98,5.84,264.17,maize
30,24,46,18.7,45.94,6.35,142.37,cotton
48,62,72,28.71,70.01,5.97,109.47,cotton
80,33,35,15.74,73.18,6.77,211.51,maize
77,68,26,19.04,63.0,6.4,155.71,chilli
73,74,47,31.81,87.15,6.75,293.64,potato
30,59,34,17.08,84.65,6.13,106.15,onion
35,79,58,20.74,67.26,7.45,183.19,coffee
49,83,97,17.83,58.62,5.58,92.5,groundnut
90,51,34,24.77,67.76,6.3,145.76,maize
28,93,70,16.81,58.55,7.4,118.07,onion
54,62,54,29.81,89.33,6.23,242.63,rice
76,92,60,16.67,68.22,7.23,144.72,wheat
36,29,72,25.06,51.06,6.57,226.78,chilli
98,39,47,24.75,57.61,6.58,120.22,wheat
47,51,43,28.67,52.74,7.38,52.26,maize
51,87,28,26.23,52.37,7.34,138.04,potato
91,91,80,25.15,77.54,7.22,65.66,sunflower
41,87,52,32.81,54.82,6.73,85.35,coffee
70,35,21,26.91,86.2,6.31,85.83,chilli
91,89,44,22.16,86.29,6.56,288.86,tomato
56,70,84,30.78,51.46,6.0,107.67,chilli
44,62,21,22.99,60.97,5.66,245.61,chilli
68,98,59,28.24,41.92,6.9,162.2,groundnut
82,80,98,27.79,53.48,6.39,148.39,cotton
73,98,61,20.87,46.23,6.27,129.82,wheat
61,25,32,23.61,45.98,5.65,79.28,maize
52,64,53,25.93,71.02,7.2,137.16,potato
92,36,43,28.16,48.35,5.94,102.22,onion
42,42,33,26.07,49.55,6.89,157.58,coffee
62,56,93,16.2,78.1,6.19,264.68,coffee
41,79,66,25.92,76.79,7.39,65.79,cotton
38,39,63,26.41,44.14,6.73,275.68,chilli
60,95,75,26.08,52.73,5.86,232.88,maize
58,40,20,26.2,43.9,5.91,271.21,tomato
20,48,63,22.75,74.26,6.58,153.62,potato
49,78,74,28.37,51.07,6.0,274.26,sugarcane
42,81,26,29.85,82.24,6.8,81.67,wheat
78,84,53,31.67,52.84,5.93,62.11,potato
92,57,83,27.33,43.02,6.7,288.34,coffee
87,83,87,32.19,52.58,6.39,65.2,maize
77,71,78,31.98,56.46,6.88,188.73,wheat
77,66,71,18.73,53.0,7.06,258.3,coffee
70,79,63,21.86,45.51,6.34,282.46,cotton
49,61,74,15.28,75.61,6.12,200.78,tomato
28,34,27,30.78,77.23,7.5,286.39,wheat
61,77,73,24.14,79.98,7.42,233.48,potato
82,78,35,17.6,51.84,7.12,78.65,sugarcane
33,28,96,18.12,77.17,7.04,190.05,maize
100,86,39,32.37,89.14,7.42,255.17,sugarcane
29,97,46,27.05,40.87,7.31,231.84,wheat
43,95,50,32.43,54.98,7.35,219.86,rice
63,100,33,20.44,40.97,6.78,195.46,sunflower
46,57,43,31.77,71.1,7.36,265.58,onion
64,78,79,34.39,73.49,6.85,144.39,rice
32,42,70,16.67,82.88,5.98,123.37,cotton
40,68,96,18.01,72.68,5.84,135.69,wheat
61,52,56,34.13,41.77,6.88,198.79,tomato
68,23,90,28.47,81.08,7.23,147.28,tomato
62,75,97,22.96,60.4,6.54,230.33,wheat
61,58,56,22.7,63.84,7.15,191.69,groundnut
22,68,30,15.6,84.95,6.48,53.98,onion
69,91,34,15.57,43.23,6.98,222.41,sugarcane
76,48,52,28.47,84.0,5.85,263.95,onion
29,51,36,22.24,84.24,5.98,223.98,groundnut
26,22,60,23.96,74.74,7.43,299.5,sunflower
38,22,93,27.72,81.89,7.11,133.42,groundnut
22,45,62,15.32,74.9,6.5,253.08,sunflower
90,24,41,31.75,87.19,7.13,214.0,cotton
73,24,53,25.38,52.33,6.51,114.05,chilli
60,59,31,31.28,62.45,7.39,280.02,coffee
78,74,94,24.68,54.59,5.68,172.03,chilli
69,43,98,22.25,54.88,6.75,262.79,sunflower
43,67,69,34.83,56.51,5.78,126.66,wheat
22,22,41,28.96,85.71,7.15,108.84,chilli
45,20,91,25.99,79.44,7.42,256.52,chilli
36,72,53,20.64,65.94,7.19,222.35,cotton
39,45,23,22.08,40.46,6.17,101.6,groundnut
46,55,80,30.52,88.56,6.97,255.51,sunflower
51,47,45,33.34,75.35,5.82,134.88,sunflower
68,59,24,22.48,71.76,6.19,223.01,rice
36,76,49,31.34,66.24,6.15,215.48,wheat
86,47,85,17.82,44.66,7.34,118.14,onion
30,80,57,23.77,57.17,6.59,169.31,onion
47,47,67,31.38,83.57,7.17,51.84,sunflower
61,46,99,23.99,50.86,7.32,279.28,sunflower
68,93,73,16.6,58.32,7.44,79.06,sunflower
82,42,48,25.41,78.54,6.38,192.97,groundnut
99,26,40,20.73,59.33,6.51,189.47,maize
92,98,58,17.45,64.73,7.21,143.75,potato
51,97,65,33.22,67.24,6.48,245.33,chilli
70,35,77,18.01,46.15,6.31,147.4,coffee
82,77,99,25.66,46.61,5.62,68.81,sunflower
58,75,98,28.49,66.93,7.29,184.44,sugarcane
81,48,58,24.54,73.31,5.97,77.12,sunflower
81,85,66,22.6,42.31,7.12,201.24,rice
25,58,77,19.33,77.13,5.72,70.4,wheat
62,75,39,16.09,58.31,6.57,120.61,groundnut
20,82,77,17.13,54.85,6.55,94.02,tomato
47,74,78,32.67,51.1,7.05,69.96,onion
98,22,40,31.09,88.85,6.87,210.52,chilli
90,64,96,34.95,41.9,5.98,233.54,sunflower
43,63,44,30.51,63.89,6.5,126.9,cotton
86,24,77,26.79,40.25,5.79,76.76,sunflower
96,49,46,20.06,70.86,6.45,253.27,chilli
34,58,38,15.63,61.18,6.63,76.63,coffee
22,97,24,20.3,46.6,6.61,241.81,sugarcane
90,60,99,16.74,66.51,6.85,228.57,sugarcane
84,28,62,22.09,72.89,5.88,113.19,tomato
68,23,63,21.43,76.97,6.42,92.63,sunflower
61,39,63,34.18,77.52,7.04,80.06,wheat
72,34,45,24.52,80.95,6.92,194.49,potato
71,32,58,21.18,65.38,7.22,241.51,cotton
53,52,82,33.46,68.53,7.08,203.92,tomato
21,88,98,30.17,79.55,7.07,150.25,tomato
30,51,37,30.98,54.38,6.1,279.34,onion
40,60,73,31.97,51.44,5.76,182.15,sugarcane
58,81,81,24.19,79.8,6.99,118.0,potato
47,27,40,26.26,82.64,7.37,100.51,wheat
29,90,99,20.92,83.67,5.55,139.56,groundnut
51,50,53,28.27,81.98,6.6,253.82,onion
90,54,63,27.28,88.17,6.73,96.37,onion
71,65,78,16.33,58.34,6.18,237.94,onion
20,27,41,31.06,83.36,5.88,83.32,tomato
43,55,77,26.85,46.58,7.42,167.99,onion
77,71,99,22.22,61.12,5.65,82.81,tomato
96,57,51,28.39,84.44,7.49,141.5,rice
46,88,21,21.41,43.41,7.46,158.24,sugarcane
73,26,20,25.93,41.17,5.51,57.62,cotton
63,68,82,28.5,41.73,6.32,280.19,maize
68,23,54,27.62,67.38,6.99,231.85,cotton
89,56,39,26.15,67.7,6.29,70.13,coffee
38,21,22,22.51,41.43,6.63,279.08,groundnut
35,87,34,23.4,66.56,5.77,282.55,sugarcane
62,84,27,28.81,86.05,5.53,117.15,tomato
51,23,64,31.9,70.6,7.07,140.18,onion
20,43,32,20.37,65.19,7.0,225.51,maize
71,89,80,31.72,51.13,6.06,76.88,sugarcane
99,81,77,17.72,89.92,6.37,181.11,chilli
48,62,57,30.56,78.33,6.65,180.16,wheat
52,96,99,22.8,82.56,7.0,145.71,onion
60,22,77,16.58,50.78,7.22,246.58,coffee
33,89,36,23.85,84.66,7.38,165.72,sugarcane
35,37,99,23.93,46.26,7.3,116.41,wheat
92,89,44,20.34,58.4,6.13,237.6,sunflower
75,41,97,24.6,50.66,6.36,201.54,maize
43,28,66,25.29,58.21,5.72,118.56,coffee
88,72,37,30.24,84.89,5.99,184.54,groundnut
92,100,26,29.53,89.77,7.21,247.47,potato
58,58,54,24.95,74.26,6.59,183.64,wheat
76,41,50,15.63,73.17,5.6,105.35,potato
22,47,40,23.41,66.08,7.21,138.36,cotton
34,94,80,33.75,84.33,7.06,63.9,wheat
73,95,54,20.32,85.21,5.92,182.28,maize
81,49,68,17.97,54.69,7.41,197.78,chilli
32,60,100,18.3,58.56,6.22,227.83,wheat
34,65,23,25.79,81.75,5.87,298.88,maize
23,20,54,27.15,44.69,6.51,215.47,sugarcane
85,72,31,15.2,66.82,7.03,231.71,maize
51,53,39,32.56,68.19,5.91,92.78,cotton
46,94,68,23.92,69.83,6.66,136.31,wheat
81,87,51,19.15,63.15,6.33,201.83,wheat
100,86,87,32.61,65.75,5.97,185.94,potato
72,47,32,24.57,87.64,6.05,62.26,chilli
43,52,98,18.39,71.14,6.84,132.34,sunflower
93,46,26,17.45,49.3,5.54,86.26,chilli
73,70,45,20.61,58.66,6.99,220.54,sunflower
80,70,30,24.21,74.44,6.73,275.44,groundnut
99,84,63,33.39,53.83,5.58,167.12,coffee
37,70,70,22.32,70.26,6.57,220.69,rice
42,29,50,30.06,47.28,7.36,181.13,sugarcane
69,83,51,17.67,46.59,6.94,54.17,cotton
100,43,60,34.09,40.58,6.65,89.95,tomato
70,67,62,18.79,43.13,6.57,185.36,sugarcane
79,22,31,20.13,54.21,5.71,164.94,tomato
81,88,28,16.24,47.79,7.12,177.31,wheat
53,29,67,15.77,66.94,6.1,288.63,chilli
70,73,50,16.76,42.22,6.76,275.72,potato
27,36,26,19.64,80.74,5.9,278.14,potato
70,63,29,15.78,56.41,5.65,188.25,groundnut
65,49,28,22.46,43.63,6.64,81.93,maize
76,91,25,29.62,45.57,6.96,59.31,coffee
85,88,45,25.55,65.55,6.79,98.1,groundnut
97,26,71,27.73,57.82,6.37,167.28,sunflower
43,72,77,20.49,82.54,5.93,296.54,chilli
74,76,64,22.18,73.24,7.16,210.16,rice
31,22,31,27.64,46.13,5.7,101.93,onion
69,88,69,17.95,72.18,5.78,281.14,tomato
79,29,22,18.31,59.56,6.71,251.47,wheat
90,81,87,22.22,67.19,7.49,202.8,onion
41,70,72,34.54,72.33,7.33,151.76,coffee
98,76,44,32.46,55.68,7.41,107.6,rice
88,59,52,25.23,68.5,5.84,134.34,wheat
82,57,90,32.91,81.89,5.72,293.59,rice
75,26,82,24.11,69.3,6.49,269.42,potato
56,44,41,23.63,43.21,5.85,182.3,coffee
24,95,79,15.57,68.91,7.34,84.9,maize
50,21,81,15.32,81.4,7.43,56.54,groundnut
76,31,63,19.59,85.46,6.96,194.8,rice
70,78,79,31.82,44.94,5.96,109.73,potato
100,41,32,29.04,80.37,7.37,158.78,coffee
67,100,85,20.87,41.25,5.55,203.96,potato
60,34,100,27.02,44.46,5.95,191.76,wheat
28,29,57,15.78,75.1,7.37,110.14,maize
23,95,51,16.97,69.33,7.44,252.57,onion
84,81,40,30.36,54.55,6.21,174.15,sugarcane
78,42,42,26.81,70.61,7.43,95.57,onion
76,34,42,19.26,71.45,6.25,64.79,groundnut
33,70,43,34.58,61.12,7.03,205.58,wheat
28,65,76,25.31,60.08,6.16,98.68,rice
77,86,50,18.42,60.85,6.75,166.47,coffee
82,65,78,16.92,86.63,6.48,69.66,maize
68,80,28,30.34,80.09,6.5,58.46,rice
45,85,70,15.28,87.07,7.36,122.86,coffee
91,69,75,24.97,69.82,6.47,214.25,sunflower
61,40,86,17.35,42.93,6.76,106.65,potato
41,30,81,33.93,82.86,7.24,229.9,sunflower
65,25,49,21.33,51.52,5.89,268.43,wheat
46,78,48,32.47,50.85,6.1,122.47,potato
40,63,64,23.74,61.48,5.9,69.48,maize
94,67,62,21.49,86.14,6.46,186.56,chilli
44,28,25,19.86,63.75,6.05,176.37,rice
29,44,87,34.84,48.61,6.3,64.88,wheat
34,35,86,16.04,81.57,7.29,86.36,tomato
64,32,34,17.85,59.36,6.57,181.8,chilli
85,41,27,30.59,41.0,5.7,52.79,onion
98,64,79,16.5,55.93,6.88,134.65,coffee
40,84,45,28.28,73.92,5.53,235.76,onion
89,56,52,23.63,69.93,6.59,147.25,potato
60,87,95,22.69,52.79,6.65,223.32,maize
90,27,30,23.92,46.63,6.71,100.52,tomato
59,81,24,28.6,44.79,6.53,194.57,chilli
76,71,31,33.15,88.04,6.15,229.92,cotton
25,72,35,23.29,67.09,6.44,179.71,cotton
36,41,31,33.05,50.74,5.74,202.0,tomato
48,30,72,30.68,61.68,5.93,73.1,sunflower
27,26,70,20.43,75.27,6.16,161.58,groundnut
85,91,75,30.75,75.88,6.75,224.44,onion
26,49,83,18.8,70.6,6.17,275.96,wheat
32,28,33,23.74,78.98,5.55,142.43,coffee
71,45,91,18.26,59.44,6.99,230.95,coffee
55,54,39,19.27,61.41,6.56,278.74,chilli
24,20,67,32.82,83.67,5.82,248.03,coffee
76,78,87,18.28,74.92,6.12,174.09,cotton
40,41,97,25.67,42.53,6.8,299.28,cotton
90,48,32,24.43,72.46,7.13,155.8,wheat
45,59,38,31.91,54.29,6.51,211.34,wheat
26,53,65,25.59,44.71,6.31,165.0,wheat
39,29,58,19.45,71.23,7.49,212.09,groundnut
35,95,64,30.44,85.93,6.85,103.84,sugarcane
23,24,51,23.31,64.41,6.75,124.18,sunflower
31,32,74,20.27,50.59,7.34,98.62,rice
96,73,89,28.44,41.67,5.81,233.68,wheat
27,31,81,25.88,59.22,6.36,126.73,onion
55,31,50,27.55,72.9,7.4,190.96,sunflower
52,47,97,22.81,69.15,7.28,167.13,tomato
96,91,68,19.79,58.85,5.79,81.51,sugarcane
29,44,42,23.85,79.27,6.61,272.96,wheat
64,31,69,31.29,63.55,5.71,155.42,potato
78,23,28,21.93,68.73,6.95,133.44,chilli
56,56,56,32.85,41.8,6.13,235.32,potato
45,74,65,30.6,88.54,6.54,149.63,groundnut
73,25,82,25.65,56.12,6.9,221.99,maize
43,33,33,23.74,78.23,6.66,95.96,wheat
52,64,75,23.51,76.07,5.85,114.74,coffee
95,20,74,25.0,74.45,5.93,201.64,coffee
95,55,36,34.41,82.5,7.37,215.9,cotton
76,66,29,23.84,47.72,6.22,133.88,sunflower
31,66,85,33.14,51.91,6.7,196.08,groundnut
45,94,49,20.33,89.49,5.85,198.68,chilli
98,55,44,19.97,40.06,5.95,111.33,rice
52,35,78,22.94,51.9,7.01,274.71,potato
59,74,64,20.27,68.7,6.18,121.99,chilli
99,64,57,33.46,65.83,5.53,153.33,cotton
25,82,93,17.99,71.18,6.73,79.94,tomato
62,29,81,32.26,59.28,7.05,121.73,tomato
91,61,82,20.54,42.44,5.87,174.2,cotton
82,91,49,25.51,87.29,6.98,296.05,potato
65,23,59,23.22,44.0,6.56,129.21,potato
21,23,78,24.12,52.8,6.43,253.21,onion
71,78,69,19.82,81.64,7.34,168.76,cotton
75,83,95,31.47,66.74,6.11,138.28,sugarcane
100,34,31,27.05,52.41,7.45,196.07,cotton
85,50,46,21.82,49.29,6.29,198.8,rice
87,87,98,24.52,50.51,6.21,68.28,potato
82,51,97,20.04,53.78,7.18,180.79,wheat
93,84,70,15.98,46.37,7.02,258.81,wheat
61,30,50,29.81,67.31,5.85,261.73,groundnut
52,25,97,15.77,70.21,7.33,137.29,potato
75,96,80,23.86,53.5,5.86,156.25,cotton
47,63,80,18.5,75.46,6.12,240.85,onion
95,40,55,25.5,79.65,6.8,80.34,sunflower
55,68,97,18.79,78.41,6.71,112.43,sunflower
28,38,44,30.07,82.54,5.88,295.48,maize
23,47,82,19.09,55.83,5.67,287.17,onion
50,70,36,23.21,73.05,7.37,150.81,wheat
68,94,39,18.63,58.88,6.43,283.87,maize
46,28,46,26.32,81.11,6.65,282.15,tomato
37,44,36,28.81,53.7,7.03,210.33,sunflower
21,86,45,18.38,44.81,5.92,299.77,coffee
84,56,37,18.1,80.89,5.96,115.31,potato
77,43,62,17.56,48.66,6.81,100.67,onion
73,67,78,27.99,82.36,5.83,243.24,tomato
28,94,88,34.47,84.69,6.27,227.78,coffee
40,89,22,34.73,78.32,5.52,209.69,cotton
96,44,73,33.87,80.0,6.96,236.77,sugarcane
30,63,78,27.65,77.2,5.77,230.64,chilli
38,53,80,19.23,41.09,6.32,293.78,coffee
88,51,79,31.09,52.5,7.09,78.73,cotton
68,60,82,25.73,89.35,6.92,96.56,sugarcane
91,65,36,30.79,53.28,7.32,156.15,sunflower
41,40,49,33.68,51.44,6.48,125.69,onion
21,22,51,20.92,44.97,6.12,269.67,coffee
63,53,28,22.02,59.64,6.89,285.64,sugarcane
80,64,36,16.18,54.92,7.47,100.16,sugarcane
30,44,49,33.94,48.15,6.5,196.09,coffee
80,58,48,33.29,79.3,6.87,168.25,onion
54,56,52,29.58,58.51,6.18,216.66,wheat
100,90,94,28.07,77.84,6.72,51.79,sunflower
32,23,21,25.25,84.22,6.24,286.0,groundnut
54,46,38,23.09,50.77,7.12,169.3,sugarcane
45,78,82,27.24,73.63,6.71,94.93,rice
